NCT Number,Study Title,Study URL,Study Status,Conditions,Interventions,Sponsor,Collaborators,Sex,Age,Phases,Enrollment,Funder Type,Study Type,Study Design,Adult,Older Adult,Child,,,
NCT03756298,Efficacy and Safety of Atezolizumab Plus Capecitabine Adjuvant Therapy for Triple Receptor-Negative Breast Cancer,https://clinicaltrials.gov/study/NCT03756298,ACTIVE_NOT_RECRUITING,Triple Negative Breast Cancer,DRUG: Atezolizumab|DRUG: Capecitabine,"National Cancer Center, Korea",None listed,ALL,"ADULT, OLDER_ADULT",PHASE2,284,OTHER_GOV,INTERVENTIONAL,"Allocation: RANDOMIZED | Intervention Model: PARALLEL | Masking: TRIPLE (PARTICIPANT, CARE_PROVIDER, INVESTIGATOR) | Primary Purpose: TREATMENT",1,1,0,,,
NCT06327698,Cadonilimab in Combination With Anlotinib in the Treatment of Locally Progressive or Metastatic Melanoma With First-Line Therapy Failure,https://clinicaltrials.gov/study/NCT06327698,NOT_YET_RECRUITING,Melanoma,DRUG: Cadonilimab|DRUG: anlotinib,Hunan Cancer Hospital,None listed,ALL,"ADULT, OLDER_ADULT",PHASE2,30,OTHER,INTERVENTIONAL,Allocation: NA | Intervention Model: SINGLE_GROUP | Masking: NONE | Primary Purpose: TREATMENT,1,1,0,,,
NCT07192614,"A Study to Learn How Safe AZD6621 is, How Well it Works, and How it Moves Throughout the Body Over Time, in Adult Male Participants With Metastatic Prostate Cancer",https://clinicaltrials.gov/study/NCT07192614,RECRUITING,Prostate Cancer,DRUG: AZD6621,AstraZeneca,None listed,MALE,"ADULT, OLDER_ADULT",PHASE1|PHASE2,52,INDUSTRY,INTERVENTIONAL,Allocation: RANDOMIZED | Intervention Model: SEQUENTIAL | Masking: NONE | Primary Purpose: TREATMENT,1,1,0,,,182.8725
NCT06105684,Phase II Single Arm Trial of Low Dose Capecitabine in Patients With Advanced Breast Cancer,https://clinicaltrials.gov/study/NCT06105684,RECRUITING,Metastatic Breast Cancer,DRUG: Capecitabine Pill,University of Alabama at Birmingham,None listed,FEMALE,"ADULT, OLDER_ADULT",PHASE2,40,OTHER,INTERVENTIONAL,Allocation: NA | Intervention Model: SINGLE_GROUP | Masking: NONE | Primary Purpose: TREATMENT,1,1,0,,,
NCT06855849,"An Open-label, Single-arm, Multicenter Phase II Study to Evaluate the Efficacy of Amivantamab in Combination With FOLFIRI as a Second-line Treatment in Patients With RAS/BRAF Wild-type Advanced Colorectal Cancer Progressing on Prior Anti-EGFR Based Treatment.",https://clinicaltrials.gov/study/NCT06855849,NOT_YET_RECRUITING,RAS/BRAF Wild-type Advanced Colorectal Cancer Patients,DRUG: Amivantamab + FOLFIRI,Yonsei University,None listed,ALL,"ADULT, OLDER_ADULT",PHASE2,85,OTHER,INTERVENTIONAL,Allocation: NA | Intervention Model: SINGLE_GROUP | Masking: NONE | Primary Purpose: TREATMENT,1,1,0,,,
NCT07789158,Induction Chemotherapy Response-Guided Reduced-Dose Radiotherapy for Nasopharyngeal Carcinoma,https://clinicaltrials.gov/study/NCT07789158,NOT_YET_RECRUITING,Nasopharyngeal Carcinoma (NPC),RADIATION: reduced dose group|RADIATION: Standard Dose Group|OTHER: concurrent chemoradiotherapy,Fudan University,None listed,ALL,"ADULT, OLDER_ADULT",PHASE2,269,OTHER,INTERVENTIONAL,Allocation: RANDOMIZED | Intervention Model: PARALLEL | Masking: NONE | Primary Purpose: TREATMENT,1,1,0,,,
NCT03591276,Phase 1b Study of Pegylated Liposomal Doxorubicin and Pembrolizumab in Endocrine-resistant Breast Cancer,https://clinicaltrials.gov/study/NCT03591276,RECRUITING,Metastatic Breast Cancer,"DRUG: Chemotherapy Drugs, Cancer",Shaare Zedek Medical Center,None listed,FEMALE,"ADULT, OLDER_ADULT",PHASE1|PHASE2,15,OTHER,INTERVENTIONAL,Allocation: NA | Intervention Model: SINGLE_GROUP | Masking: NONE | Primary Purpose: TREATMENT,1,1,0,,,
NCT06838676,ACT001 for the Treatment of Diffuse Intrinsic Pontine Gliomas and H3K27-altered High Grade Gliomas,https://clinicaltrials.gov/study/NCT06838676,RECRUITING,Diffuse Intrinsic Pontine Gliomas (DIPG)|Progressive DIPG|Refractory DIPG|Recurrent DIPG|H3K27-altered High Grade Glioma,DRUG: ACT001,Nationwide Children's Hospital,Accendatech USA Inc.,ALL,"CHILD, ADULT",PHASE2,60,OTHER,INTERVENTIONAL,Allocation: NON_RANDOMIZED | Intervention Model: SINGLE_GROUP | Masking: NONE | Primary Purpose: TREATMENT,1,0,1,,,
NCT07471789,Safety and Efficacy of GYA01 (CART84) in Relapsed/Refractory (R/R) Acute Myeloid Leukemia (AML) and Acute Lymphoblastic T Leukemia Patients (T-ALL).,https://clinicaltrials.gov/study/NCT07471789,RECRUITING,"Acute Myeloblastic Leukaemia|Leukemia, T-Cell",DRUG: CART84,Gyala Therapeutics,"Astrum CRO, S.L.",ALL,"ADULT, OLDER_ADULT",PHASE1|PHASE2,33,INDUSTRY,INTERVENTIONAL,Allocation: NA | Intervention Model: SINGLE_GROUP | Masking: NONE | Primary Purpose: TREATMENT,1,1,0,,,
NCT05229497,A Phase Ib/II Study of AK112 in Combination With AK117 in Advanced Malignant Tumors,https://clinicaltrials.gov/study/NCT05229497,ACTIVE_NOT_RECRUITING,Advanced Malignant Tumors,DRUG: AK112|DRUG: AK117|DRUG: Carboplatin|DRUG: Cisplatin|DRUG: 5-Fluorouracil|DRUG: Gemcitabine,Akeso,None listed,ALL,"ADULT, OLDER_ADULT",PHASE1|PHASE2,154,INDUSTRY,INTERVENTIONAL,Allocation: NON_RANDOMIZED | Intervention Model: SINGLE_GROUP | Masking: NONE | Primary Purpose: TREATMENT,1,1,0,,,
NCT06404697,Boost Irradiation to the Supraclavicular Area Among High Risk cN3c Breast Cancer Patients,https://clinicaltrials.gov/study/NCT06404697,RECRUITING,Breast Cancer,RADIATION: Boost irradiation,Ruijin Hospital,None listed,FEMALE,"ADULT, OLDER_ADULT",PHASE2,24,OTHER,INTERVENTIONAL,Allocation: NA | Intervention Model: SINGLE_GROUP | Masking: NONE | Primary Purpose: TREATMENT,1,1,0,,,
NCT07261163,"Obinutuzumab, Zanubrutinib, and Lenalidomide in First-line Treatment of Mantle Cell Lymphoma",https://clinicaltrials.gov/study/NCT07261163,RECRUITING,Mantle Cell Lymphoma,DRUG: Zanubrutinib|DRUG: Obinutuzumab|DRUG: Lenalidomide|OTHER: CAR-T Cell Therapy,"Institute of Hematology & Blood Diseases Hospital, China",None listed,ALL,"ADULT, OLDER_ADULT",PHASE2,37,OTHER,INTERVENTIONAL,Allocation: NA | Intervention Model: SINGLE_GROUP | Masking: NONE | Primary Purpose: TREATMENT,1,1,0,,,
NCT06665087,CGA Guided Ultrafractionated RT and First-line Systemic Treatment in Elderly or Frail Patients with MCRC,https://clinicaltrials.gov/study/NCT06665087,NOT_YET_RECRUITING,Colon Cancer|Rectal Cancer,DRUG: Ultrafractionated RT and CGA Guided systemic treatment.|RADIATION: Ultrafractionated Radiotherapy|DRUG: PD-1 antibody|DRUG: Chemotherapy (Fluorouracil)|DRUG: Chemotherapy (Raltitrexed)|DRUG: Chemotherapy (Oxaliplatin)|DRUG: Chemotherapy (CPT-11)|DRUG: Targeted Therapy (anti-VEGF)|DRUG: Targeted Therapy (anti-EGFR),Fudan University,None listed,ALL,"ADULT, OLDER_ADULT",PHASE2,110,OTHER,INTERVENTIONAL,Allocation: NON_RANDOMIZED | Intervention Model: PARALLEL | Masking: NONE | Primary Purpose: TREATMENT,1,1,0,,,
NCT06474806,"Safety and Diagnostic Performance of uPAR PET Imaging in Localised, Untreated Prostate Cancer",https://clinicaltrials.gov/study/NCT06474806,RECRUITING,Prostate Cancer,DRUG: 64Cu-DOTA-AE105,Curasight,ABX CRO,MALE,"ADULT, OLDER_ADULT",PHASE2,168,INDUSTRY,INTERVENTIONAL,Allocation: RANDOMIZED | Intervention Model: PARALLEL | Masking: NONE | Primary Purpose: DIAGNOSTIC,1,1,0,,,
NCT07297004,Stereotactic Body Radiation Therapy for Unresectable Locally Recurrent Rectal Cancer,https://clinicaltrials.gov/study/NCT07297004,RECRUITING,Unresectable Locally Recurrent Rectal Cancer,RADIATION: Stereotactic Body Radiation Therapy (SBRT),"Sixth Affiliated Hospital, Sun Yat-sen University",None listed,ALL,"ADULT, OLDER_ADULT",PHASE2,20,OTHER,INTERVENTIONAL,Allocation: NA | Intervention Model: SINGLE_GROUP | Masking: NONE | Primary Purpose: TREATMENT,1,1,0,,,
NCT07376538,Response-Based Local Therapy for Regionally Advanced Breast Cancer,https://clinicaltrials.gov/study/NCT07376538,RECRUITING,Breast Cancer,RADIATION: Response-adapted comprehensive treatment strategy,"Cancer Institute and Hospital, Chinese Academy of Medical Sciences",None listed,FEMALE,"ADULT, OLDER_ADULT",PHASE2,157,OTHER,INTERVENTIONAL,Allocation: NA | Intervention Model: SINGLE_GROUP | Masking: NONE | Primary Purpose: TREATMENT,1,1,0,,,
NCT01436968,Phase 3 Study of ProstAtak® Immunotherapy With Standard Radiation Therapy for Localized Prostate Cancer,https://clinicaltrials.gov/study/NCT01436968,ACTIVE_NOT_RECRUITING,Prostate Cancer,BIOLOGICAL: Aglatimagene besadenovec + valacyclovir|BIOLOGICAL: Placebo + valacyclovir,"Candel Therapeutics, Inc.",None listed,MALE,"ADULT, OLDER_ADULT",PHASE3,711,INDUSTRY,INTERVENTIONAL,"Allocation: RANDOMIZED | Intervention Model: PARALLEL | Masking: QUADRUPLE (PARTICIPANT, CARE_PROVIDER, INVESTIGATOR, OUTCOMES_ASSESSOR) | Primary Purpose: TREATMENT",1,1,0,,,
NCT03984968,CD19 CAR-T Consolidation Therapy for Acute Lymphoblastic Leukemia,https://clinicaltrials.gov/study/NCT03984968,ACTIVE_NOT_RECRUITING,"Acute Lymphoblastic Leukemia, Adult B-Cell",BIOLOGICAL: ssCART-19 cells combined with CD19+ feeding T cells (FTCs) infusion|BIOLOGICAL: ssCART-19 cells combined with CD19+ feeding T cells (FTCs) infusion|BIOLOGICAL: ssCART-19 cells combined with CD19+ feeding T cells (FTCs) infusion|BIOLOGICAL: ssCART-19 cells combined with CD19+ feeding T cells (FTCs) infusion,The First Affiliated Hospital of Soochow University,None listed,ALL,"CHILD, ADULT, OLDER_ADULT",PHASE1|PHASE2,40,OTHER,INTERVENTIONAL,Allocation: NON_RANDOMIZED | Intervention Model: SEQUENTIAL | Masking: NONE | Primary Purpose: TREATMENT,1,1,1,,,
NCT05901974,Venetoclax Combined With Azactidine in the Treatment of ALAL,https://clinicaltrials.gov/study/NCT05901974,RECRUITING,Acute Leukemia of Ambiguous Lineage,DRUG: Venetoclax|DRUG: azactidine,"Sheng-Li Xue, MD",Jining Medical University|The Second People's Hospital of Huai'an|The First Affiliated Hospital of Bengbu Medical University|Affiliated Hospital of Nantong University|Suzhou Hospital of Traditional Chinese Medicine|Northern Jiangsu People's Hospital|First Affiliated Hospital of Pingdingshan University|Second Affiliated Hospital of Wannan Medical College|Canglang Hospital of Suzhou,ALL,"CHILD, ADULT, OLDER_ADULT",PHASE2,23,OTHER,INTERVENTIONAL,Allocation: NA | Intervention Model: SINGLE_GROUP | Masking: NONE | Primary Purpose: TREATMENT,1,1,1,,,
NCT06558214,"OPTIMUS PRIME: Safety and Feasibility of OPTune GIO® Integrated With MRI-gUided Laser Ablation Surgery and Pembrolizumab for Recurrent GlIoblastoMa, A randomizEd Trial",https://clinicaltrials.gov/study/NCT06558214,RECRUITING,Recurrent Glioblastoma,DRUG: Pembrolizumab|DEVICE: Optune GIO®|DEVICE: NeuroBlate®,University of Florida,None listed,ALL,"ADULT, OLDER_ADULT",PHASE2,20,OTHER,INTERVENTIONAL,Allocation: RANDOMIZED | Intervention Model: PARALLEL | Masking: NONE | Primary Purpose: TREATMENT,1,1,0,,,
NCT04394858,"Testing the Addition of an Anticancer Drug, Olaparib, to the Usual Chemotherapy (Temozolomide) for Advanced Neuroendocrine Cancer",https://clinicaltrials.gov/study/NCT04394858,ACTIVE_NOT_RECRUITING,Advanced Adrenal Gland Pheochromocytoma|Advanced Paraganglioma|Metastatic Adrenal Gland Pheochromocytoma|Metastatic Paraganglioma|Stage III Adrenal Gland Pheochromocytoma and Sympathetic Paraganglioma AJCC v8|Stage IV Adrenal Gland Pheochromocytoma and Sympathetic Paraganglioma AJCC v8|Unresectable Adrenal Gland Pheochromocytoma|Unresectable Paraganglioma,PROCEDURE: Biospecimen Collection|PROCEDURE: Computed Tomography with Contrast|PROCEDURE: Magnetic Resonance Imaging|DRUG: Olaparib|OTHER: Quality-of-Life Assessment|DRUG: Temozolomide,National Cancer Institute (NCI),None listed,ALL,"CHILD, ADULT, OLDER_ADULT",PHASE2,46,NIH,INTERVENTIONAL,Allocation: RANDOMIZED | Intervention Model: PARALLEL | Masking: NONE | Primary Purpose: TREATMENT,1,1,1,,,
NCT06048315,"A Single Center, Single Arm Clinical Study on the Treatment of Advanced Non-small Cell Lung Cancer With Positive EGFR Sensitive Mutations and Failed EGFR TKIs With the Combination of Enrotinib and Paclitaxel Monoclonal Antibody",https://clinicaltrials.gov/study/NCT06048315,NOT_YET_RECRUITING,Lung Cancer|TKI Resistance|EGFR Sensitive Mutation|Anlotinib|Pianzumab,DRUG: Anlotinib|DRUG: Penpulimab,Degan Lu,Wu Jieping Medical Foundation,ALL,"ADULT, OLDER_ADULT",PHASE3,52,OTHER,INTERVENTIONAL,Allocation: NA | Intervention Model: SINGLE_GROUP | Masking: NONE | Primary Purpose: TREATMENT,1,1,0,,,
NCT07309289,NALIRIFOX Plus Targeted Therapy Versus FOLFOX Plus Targeted Therapy as First-line Treatment for Metastatic Colorectal Cancer,https://clinicaltrials.gov/study/NCT07309289,RECRUITING,Metastatic Colorectal Cancer (CRC),DRUG: NALIRIFOX plus targeted therapy|DRUG: FOLFOX plus targeted therapy,Shanghai Zhongshan Hospital,None listed,ALL,"ADULT, OLDER_ADULT",PHASE3,144,OTHER,INTERVENTIONAL,Allocation: RANDOMIZED | Intervention Model: PARALLEL | Masking: NONE | Primary Purpose: TREATMENT,1,1,0,,,
NCT06973525,This Study Aims to Optimize Neoadjuvant Therapy for HER2-positive Breast Cancer by Implementing a Dynamic Monitoring-guided Treatment Strategy.,https://clinicaltrials.gov/study/NCT06973525,NOT_YET_RECRUITING,HER2-positive Breast Cancer,"DRUG: Patients will initially receive trastuzumab, pyrotinib, and albumin-bound paclitaxel. Those who do not achieve a radiological response after Cycle 2 will switch to SHR-A1811 (a HER2-targeted antibody|DRUG: Patients will initially receive trastuzumab, pyrotinib, and nab-paclitaxel. Those who achieve a partial response (PR) or complete response (CR) after cycle 2 will continue on the same regimen.",Hebei Medical University Fourth Hospital,None listed,FEMALE,"ADULT, OLDER_ADULT",PHASE2,30,OTHER,INTERVENTIONAL,Allocation: NA | Intervention Model: SINGLE_GROUP | Masking: NONE | Primary Purpose: TREATMENT,1,1,0,,,
NCT06582940,Elimination of PTV Margins Based on MRI-guided Adaptive Stereotactic Radiotherapy for Non-small Cell Lung Cancer With Brain Metastasis,https://clinicaltrials.gov/study/NCT06582940,RECRUITING,MRI-guided Adaptive Radiotherapy|Non-small Cell Lung Cancer|Brain Metastasis,RADIATION: MRI-guided adaptive SRT|RADIATION: Conventional SRT,Sun Yat-sen University,None listed,ALL,"ADULT, OLDER_ADULT",PHASE2,168,OTHER,INTERVENTIONAL,Allocation: RANDOMIZED | Intervention Model: PARALLEL | Masking: NONE | Primary Purpose: TREATMENT,1,1,0,,,
NCT03851640,A Trial Evaluating the Efficacy and Safety of HC-1119 Soft Capsules in Patients with Metastatic Castration-Resistant Prostate Cancer (mCRPC).,https://clinicaltrials.gov/study/NCT03851640,RECRUITING,MCRPC,DRUG: HC-1119|DRUG: placebo,Hinova Pharmaceuticals Inc.,None listed,MALE,"ADULT, OLDER_ADULT",PHASE3,417,INDUSTRY,INTERVENTIONAL,"Allocation: RANDOMIZED | Intervention Model: SEQUENTIAL | Masking: DOUBLE (PARTICIPANT, INVESTIGATOR) | Primary Purpose: TREATMENT",1,1,0,,,
NCT06311968,The Clinical Study of Post-operative Proton Radiotherapy for Thymus Tumor,https://clinicaltrials.gov/study/NCT06311968,RECRUITING,Thymus Epithelial Tumor|Proton Radiotherapy|Radiation Toxicity,RADIATION: Proton radiotherapy|OTHER: combined platinum based chemotherapy,Jian Chen,None listed,ALL,"ADULT, OLDER_ADULT",PHASE2,55,OTHER,INTERVENTIONAL,Allocation: NA | Intervention Model: SINGLE_GROUP | Masking: NONE | Primary Purpose: TREATMENT,1,1,0,,,
NCT07158918,"ABL103 in Combination With Pembrolizumab, With or Without Taxane in Advanced or Metastatic Solid Tumors",https://clinicaltrials.gov/study/NCT07158918,RECRUITING,Solid Tumors,DRUG: ABL103|DRUG: KEYTRUDA® (pembrolizumab)|DRUG: Taxane,"ABL Bio, Inc.",Merck Sharp & Dohme LLC,ALL,"ADULT, OLDER_ADULT",PHASE1|PHASE2,65,INDUSTRY,INTERVENTIONAL,Allocation: RANDOMIZED | Intervention Model: SEQUENTIAL | Masking: NONE | Primary Purpose: TREATMENT,1,1,0,,,
NCT02246621,A Study of Nonsteroidal Aromatase Inhibitors Plus Abemaciclib (LY2835219) in Postmenopausal Women With Breast Cancer,https://clinicaltrials.gov/study/NCT02246621,ACTIVE_NOT_RECRUITING,Breast Cancer,DRUG: Abemaciclib|DRUG: Anastrozole|DRUG: Letrozole|DRUG: Placebo,Eli Lilly and Company,None listed,FEMALE,"ADULT, OLDER_ADULT",PHASE3,493,INDUSTRY,INTERVENTIONAL,"Allocation: RANDOMIZED | Intervention Model: PARALLEL | Masking: DOUBLE (PARTICIPANT, CARE_PROVIDER) | Primary Purpose: TREATMENT",1,1,0,,,
NCT06112704,HS-20093 in Patients with Advanced Esophageal Carcinoma and Other Advanced Solid Tumors,https://clinicaltrials.gov/study/NCT06112704,RECRUITING,Advanced Solid Tumor,DRUG: HS-20093,Hansoh BioMedical R&D Company,None listed,ALL,"ADULT, OLDER_ADULT",PHASE2,220,INDUSTRY,INTERVENTIONAL,Allocation: NON_RANDOMIZED | Intervention Model: SEQUENTIAL | Masking: NONE | Primary Purpose: TREATMENT,1,1,0,,,
NCT02532452,Third Party Viral Specific T-cells (VSTs),https://clinicaltrials.gov/study/NCT02532452,RECRUITING,Viral Infection|Viral Reactivation|Infection in an Immunocompromised Host,BIOLOGICAL: Viral Specific VST Infusion,"Children's Hospital Medical Center, Cincinnati",None listed,ALL,"CHILD, ADULT, OLDER_ADULT",PHASE2,750,OTHER,INTERVENTIONAL,Allocation: NA | Intervention Model: SINGLE_GROUP | Masking: NONE | Primary Purpose: TREATMENT,1,1,1,,,
NCT03059485,DC/AML Fusion Cell Vaccine vs Observation in Patients Who Achieve a Chemotherapy-induced Remission,https://clinicaltrials.gov/study/NCT03059485,ACTIVE_NOT_RECRUITING,Acute Myelogenous Leukemia,BIOLOGICAL: DC/AML Fusion Vaccine|OTHER: Observation,Beth Israel Deaconess Medical Center,Celgene|Dana-Farber Cancer Institute,ALL,"ADULT, OLDER_ADULT",PHASE2,82,OTHER,INTERVENTIONAL,Allocation: RANDOMIZED | Intervention Model: PARALLEL | Masking: NONE | Primary Purpose: TREATMENT,1,1,0,,,
NCT06418776,IMPACT-AML: Randomized Pragmatic Clinical Trial for Relapsed or Refractory AML,https://clinicaltrials.gov/study/NCT06418776,RECRUITING,Refractory Acute Myeloid Leukemia|Early Relapses of Acute Myeloid Leukemia,OTHER: Intensive therapy|OTHER: Low intensity therapy,"National Research Center for Hematology, Russia","St. Petersburg State Pavlov Medical University|Federal State Budgetary Institution, V. A. Almazov Federal North-West Medical Research Centre, of the Ministry of Health",ALL,"ADULT, OLDER_ADULT",PHASE3,198,NETWORK,INTERVENTIONAL,Allocation: RANDOMIZED | Intervention Model: PARALLEL | Masking: NONE | Primary Purpose: TREATMENT,1,1,0,,,
NCT04920617,"DPX-Survivac and Pembrolizumab With and Without Intermittent Low-Dose Cyclophosphamide, in Subjects With Relapsed/Refractory Diffuse Large B-Cell Lymphoma",https://clinicaltrials.gov/study/NCT04920617,RECRUITING,Relapsed Diffuse Large B-cell Lymphoma|Refractory Diffuse Large B-cell Lymphoma,DRUG: DPX-Survivac|DRUG: Pembrolizumab|DRUG: CPA,"ImmunoVaccine Technologies, Inc. (IMV Inc.)",Merck Sharp & Dohme LLC,ALL,"ADULT, OLDER_ADULT",PHASE2,102,INDUSTRY,INTERVENTIONAL,Allocation: RANDOMIZED | Intervention Model: PARALLEL | Masking: NONE | Primary Purpose: TREATMENT,1,1,0,,,
NCT05281809,Local Manufacture of CAR T-Cell Products for the Treatment of B-Cell Lymphoma and B-Acute Lymphoblastic Leukemia,https://clinicaltrials.gov/study/NCT05281809,RECRUITING,B-Cell Lymphoma|B Acute Lymphoblastic Leukemia|Diffuse Large B Cell Lymphoma|Mantle Cell Lymphoma|Follicular Lymphoma|Marginal Zone Lymphoma|Lymphoplasmacytic Lymphoma|Chronic Lymphocytic Leukemia|Transformed Lymphoma,DRUG: Chimeric Antigen Receptor (CAR) T-Cell Product (Autologous),John Lister,"Lentigen Technology, Inc.|Miltenyi Biotec, Inc.|Allegheny Health Network",ALL,"ADULT, OLDER_ADULT",PHASE2,30,OTHER,INTERVENTIONAL,Allocation: NA | Intervention Model: SINGLE_GROUP | Masking: NONE | Primary Purpose: TREATMENT,1,1,0,,,
NCT06404463,QL1706 Plus Chemotherapy as Neoadjuvant Therapy in Early High-Risk ER+/HER2- Breast Cancer,https://clinicaltrials.gov/study/NCT06404463,NOT_YET_RECRUITING,Early Breast Cancer|Neoadjuvant Therapy|HR+HER2- Breast Cancer,DRUG: QL1706 (bispecific antibody targeting PD-1 and CLTA-4)|DRUG: Albumin-bound paclitaxel|DRUG: Doxorubicin|DRUG: Cyclophosphamide|DRUG: Epirubicin,Fudan University,None listed,FEMALE,"ADULT, OLDER_ADULT",PHASE2,76,OTHER,INTERVENTIONAL,Allocation: NA | Intervention Model: SINGLE_GROUP | Masking: NONE | Primary Purpose: TREATMENT,1,1,0,,,
NCT05827549,Evaluation of Treatment Efficacy According to Risk Group in Relapsed Childhood Acute Lymphoblastic Leukemia,https://clinicaltrials.gov/study/NCT05827549,RECRUITING,Acute Lymphoid Leukemia,DRUG: Reinduction(4weeks)|DRUG: Cosolodation 1st(3weeks)|DRUG: Consolidation 2nd(3weeks)|DRUG: Blinatumomab 1st(High Risk Group)_4 Weeks|DRUG: Blinatumomab 2nd (High Risk Group)_4 Weeks|DRUG: Blinatumomab-Salvage 1st (Very High Risk Group)_4 Weeks|DRUG: Blinatumomab-Salvage 2nd (Very High Risk Group)_4 Weeks|DRUG: Intensification course|DRUG: Maintenance(12 Weeks/Cycle)|PROCEDURE: Stem Cell Transplantation,Ho Joon Im,Samsung Medical Center|Seoul National University Hospital|Severance Hospital|Pusan National University Yangsan Hospital|Seoul St. Mary's Hospital|Chonnam National University Hospital|Chungnam National University Hospital|Jeju National University Hospital|Kyungpook National University Chilgok Hospital,ALL,"CHILD, ADULT",PHASE2,90,OTHER,INTERVENTIONAL,Allocation: NON_RANDOMIZED | Intervention Model: PARALLEL | Masking: NONE | Primary Purpose: TREATMENT,1,0,1,,,
NCT05709249,Xian-Lian-Jie-Du Optimization Decoction As an Adjuvant Treatment for Prevention of Recurrence of Colon Cancer,https://clinicaltrials.gov/study/NCT05709249,RECRUITING,Colon Cancer,DRUG: XLJDOD compound granule|DRUG: placebo (XLJDOD mimetic agent),"Jiangsu Famous Medical Technology Co., Ltd.",Jiangsu Province Hospital of Traditional Chinese Medicine|Ministry of Science and Technology of the People´s Republic of China,ALL,"ADULT, OLDER_ADULT",PHASE3,730,INDUSTRY,INTERVENTIONAL,"Allocation: RANDOMIZED | Intervention Model: PARALLEL | Masking: TRIPLE (PARTICIPANT, INVESTIGATOR, OUTCOMES_ASSESSOR) | Primary Purpose: PREVENTION",1,1,0,,,
NCT03620578,"DA-EPOCH-R Induction Followed by Nivolumab Consolidation in Newly Diagnosed MYC, BCL2 and/or BCL6 Rearranged HGBL",https://clinicaltrials.gov/study/NCT03620578,ACTIVE_NOT_RECRUITING,"Non Hodgkin Lymphoma|Lymphoma, B-Cell|High-grade B-cell Lymphoma|MYC Translocation|BCL-2 Translocation",DRUG: DA-EPOCH-R followed by Nivolumab,Stichting Hemato-Oncologie voor Volwassenen Nederland,None listed,ALL,"ADULT, OLDER_ADULT",PHASE2,97,OTHER,INTERVENTIONAL,Allocation: NA | Intervention Model: SINGLE_GROUP | Masking: NONE | Primary Purpose: TREATMENT,1,1,0,,,
NCT05692635,Reducing the Incidence of Symptomatic Brain Metastases With MRI Surveillance,https://clinicaltrials.gov/study/NCT05692635,RECRUITING,Brain Metastases|Nonsmall Cell Lung Cancer Stage III,DIAGNOSTIC_TEST: MRI of the Brain|OTHER: Blood draws|OTHER: Quality of Life Questionnaires|DRUG: Gadolinium,Wake Forest University Health Sciences,National Cancer Institute (NCI),ALL,"ADULT, OLDER_ADULT",PHASE2,60,OTHER,INTERVENTIONAL,Allocation: NA | Intervention Model: SINGLE_GROUP | Masking: NONE | Primary Purpose: DIAGNOSTIC,1,1,0,,,
NCT07174908,A Phase 3 Study of IN10018 in Combination With D-1553 Versus Standard Therapy for First Line Non-squamous Non-small Cell Lung Cancer With KRAS G12C Mutation,https://clinicaltrials.gov/study/NCT07174908,RECRUITING,Non-Small Cell Lung Cancer,DRUG: IN10018 in combination with D-1553|DRUG: anti-PD-1 monoclonal antibody in combination with platinum and pemetrexed,"InxMed (Shanghai) Co., Ltd.",None listed,ALL,"ADULT, OLDER_ADULT",PHASE3,400,INDUSTRY,INTERVENTIONAL,Allocation: RANDOMIZED | Intervention Model: PARALLEL | Masking: NONE | Primary Purpose: TREATMENT,1,1,0,,,
NCT07311408,SHR-1701 + Rivoceranib (± SHR-2554) in Advanced GC After First-Line Immunotherapy Failure,https://clinicaltrials.gov/study/NCT07311408,RECRUITING,Gastric Cancer (GC)|Gastroesophageal Junction Adenocarcinoma,DRUG: SHR-1701+Rivoceranib + SHR-2554|DRUG: SHR-1701 + Rivoceranib,Jingdong Zhang,None listed,ALL,"ADULT, OLDER_ADULT",PHASE2,40,OTHER,INTERVENTIONAL,Allocation: RANDOMIZED | Intervention Model: PARALLEL | Masking: NONE | Primary Purpose: TREATMENT,1,1,0,,,
NCT06385925,A Study of TSN1611 Treating Patients With Advanced Solid Tumors Harboring KRAS G12D Mutation,https://clinicaltrials.gov/study/NCT06385925,RECRUITING,Malignant Neoplasm,DRUG: TSN1611|DRUG: TSN1611|DRUG: TSN1611|DRUG: TSN1611,Tyligand Pharmaceuticals (Suzhou) Limited,None listed,ALL,"ADULT, OLDER_ADULT",PHASE1|PHASE2,440,INDUSTRY,INTERVENTIONAL,Allocation: NON_RANDOMIZED | Intervention Model: SEQUENTIAL | Masking: NONE | Primary Purpose: TREATMENT,1,1,0,,,
NCT06405425,A Study of BL-B01D1 + PD-1 in Patients With Locally Advanced or Metastatic Urothelial Carcinoma,https://clinicaltrials.gov/study/NCT06405425,RECRUITING,Urothelial Carcinoma,DRUG: BL-B01D1|DRUG: PD-1,"Sichuan Baili Pharmaceutical Co., Ltd.","Baili-Bio (Chengdu) Pharmaceutical Co., Ltd.",ALL,"ADULT, OLDER_ADULT",PHASE2,52,INDUSTRY,INTERVENTIONAL,Allocation: NA | Intervention Model: SINGLE_GROUP | Masking: NONE | Primary Purpose: TREATMENT,1,1,0,,,
NCT07429643,Endoscopic Ultrasound-Guided Loco-regional Chemotherapy Injection as Adjuvant Therapy for Locally Advanced Pancreatic Cancer.,https://clinicaltrials.gov/study/NCT07429643,NOT_YET_RECRUITING,Locally Advanced Pancreatic Cancer,DRUG: endoscopic ultrasonograhy guided chemptherapy injection,Assiut University,None listed,ALL,ADULT,PHASE2|PHASE3,20,OTHER,INTERVENTIONAL,Allocation: RANDOMIZED | Intervention Model: PARALLEL | Masking: NONE | Primary Purpose: TREATMENT,1,0,0,,,
NCT07720115,Phase 2 Trial Of S-531011 With RadScopal In Previously Treated Metastatic Colorectal Cancer,https://clinicaltrials.gov/study/NCT07720115,NOT_YET_RECRUITING,Phase II|S-531011|RadScopal|Metastatic Colorectal Cancer,DRUG: S-531011|RADIATION: HD-XRT,M.D. Anderson Cancer Center,None listed,ALL,"ADULT, OLDER_ADULT",PHASE2,30,OTHER,INTERVENTIONAL,Allocation: NA | Intervention Model: SINGLE_GROUP | Masking: NONE | Primary Purpose: TREATMENT,1,1,0,,,
NCT06305715,Radiation Prior to TKI to Delay Progression in Advanced Driver-Mutated Non-small Cell Lung Cancers (RadiaNCe Lung X),https://clinicaltrials.gov/study/NCT06305715,RECRUITING,Non Small Cell Lung Cancer,DEVICE: Radiation Therapy|DRUG: Targeted TKI therapy,Medical College of Wisconsin,None listed,ALL,"ADULT, OLDER_ADULT",PHASE2,34,OTHER,INTERVENTIONAL,Allocation: NA | Intervention Model: SINGLE_GROUP | Masking: NONE | Primary Purpose: TREATMENT,1,1,0,,,
NCT04938817,Safety and Efficacy Study of Investigational Agents as Monotherapy or in Combination With Pembrolizumab (MK-3475) for the Treatment of Extensive-Stage Small Cell Lung Cancer (ES-SCLC) in Need of Second-Line Therapy (MK-3475-B98/KEYNOTE-B98),https://clinicaltrials.gov/study/NCT04938817,ACTIVE_NOT_RECRUITING,Small Cell Lung Carcinoma,BIOLOGICAL: coformulation pembrolizumab/quavonlimab|DRUG: lenvatinib|BIOLOGICAL: MK-4830|BIOLOGICAL: coformulation favezelimab/pembrolizumab|BIOLOGICAL: R-DXd,Merck Sharp & Dohme LLC,Daiichi Sankyo,ALL,"ADULT, OLDER_ADULT",PHASE1|PHASE2,110,INDUSTRY,INTERVENTIONAL,Allocation: RANDOMIZED | Intervention Model: PARALLEL | Masking: NONE | Primary Purpose: TREATMENT,1,1,0,,,
NCT05413850,Anti-tumour Activity of (177Lu) rhPSMA-10.1 Injection,https://clinicaltrials.gov/study/NCT05413850,RECRUITING,Prostate Cancer|Metastatic Castration-resistant Prostate Cancer|mCRPC|Urogenital Neoplasms|Prostatic Neoplasms|Prostatic Diseases,DRUG: Lutetium (177Lu) rhPSMA-10.1 Injection|DIAGNOSTIC_TEST: 18F-rhPSMA-7.3 injection (in phase 1 only),Blue Earth Therapeutics Ltd,PSI CRO,MALE,"ADULT, OLDER_ADULT",PHASE1|PHASE2,82,INDUSTRY,INTERVENTIONAL,Allocation: RANDOMIZED | Intervention Model: SEQUENTIAL | Masking: NONE | Primary Purpose: TREATMENT,1,1,0,,,
NCT05805098,Venetoclax Combined With Homoharringtonine and Cytarabine in Induction for AML,https://clinicaltrials.gov/study/NCT05805098,RECRUITING,Acute Myeloid Leukemia,DRUG: Venetoclax|DRUG: Homoharringtonine|DRUG: Cytarabine,The First Affiliated Hospital of Soochow University,None listed,ALL,ADULT,PHASE2|PHASE3,60,OTHER,INTERVENTIONAL,Allocation: NA | Intervention Model: SINGLE_GROUP | Masking: NONE | Primary Purpose: TREATMENT,1,0,0,,,
NCT05609578,Combination Therapies With Adagrasib in Patients With Advanced NSCLC With KRAS G12C Mutation,https://clinicaltrials.gov/study/NCT05609578,ACTIVE_NOT_RECRUITING,Advanced NSCLC|Metastatic Lung Cancer,DRUG: Adagrasib oral dose of 400 mg twice daily tablets|COMBINATION_PRODUCT: Pembrolizumab|COMBINATION_PRODUCT: Chemotherapy: Pemetrexed|COMBINATION_PRODUCT: Cisplatin/Carboplatin,Mirati Therapeutics Inc.,None listed,ALL,"ADULT, OLDER_ADULT",PHASE2,90,INDUSTRY,INTERVENTIONAL,Allocation: NON_RANDOMIZED | Intervention Model: SEQUENTIAL | Masking: NONE | Primary Purpose: TREATMENT,1,1,0,,,
NCT07103408,A Study Evaluating Concurrent Chemoradiotherapy Combined With Dual Immune Checkpoint Blockade for Limited-stage Small Cell Lung Cancer,https://clinicaltrials.gov/study/NCT07103408,NOT_YET_RECRUITING,Small-Cell Lung Cancer (SCLC),DRUG: Immuno-chemotherapy|RADIATION: Radiotherapy|DRUG: Consolidative therapy,Sun Yat-sen University,None listed,ALL,"ADULT, OLDER_ADULT",PHASE2,56,OTHER,INTERVENTIONAL,Allocation: NA | Intervention Model: SINGLE_GROUP | Masking: NONE | Primary Purpose: TREATMENT,1,1,0,,,
NCT05386108,Study of Abemaciclib and Elacestrant in Participants With Brain Metastasis Due to ER+/HER-2- Breast Cancer,https://clinicaltrials.gov/study/NCT05386108,RECRUITING,Breast Neoplasms|Brain Neoplasms|Neoplasms by Site|Neoplasms|Breast Diseases|Central Nervous System Neoplasms|Brain Diseases|Central Nervous System Diseases,DRUG: Elacestrant|DRUG: Abemaciclib,"Stemline Therapeutics, Inc.",None listed,ALL,"ADULT, OLDER_ADULT",PHASE1|PHASE2,73,INDUSTRY,INTERVENTIONAL,Allocation: NON_RANDOMIZED | Intervention Model: SEQUENTIAL | Masking: NONE | Primary Purpose: TREATMENT,1,1,0,,,
NCT07009899,BCMA Bispecific Antibody Therapy for Post-BCMA CAR T-Cell Therapy Relapse (RECLAIM),https://clinicaltrials.gov/study/NCT07009899,NOT_YET_RECRUITING,Multiple Myeloma,DRUG: Linvoseltamab,Medical College of Wisconsin,None listed,ALL,"ADULT, OLDER_ADULT",PHASE2,34,OTHER,INTERVENTIONAL,Allocation: NA | Intervention Model: SINGLE_GROUP | Masking: NONE | Primary Purpose: TREATMENT,1,1,0,,,
NCT07276399,A Study of Amivantamab in Addition to Standard of Care Agents (SOC) Compared With SOC Alone in Participants With Recurrent/Metastatic Head and Neck Cancer,https://clinicaltrials.gov/study/NCT07276399,RECRUITING,Squamous Cell Carcinoma of Head and Neck,BIOLOGICAL: Amivantamab|BIOLOGICAL: Pembrolizumab|DRUG: Carboplatin|DRUG: 5-Flurouracil|DRUG: Cisplatin,"Janssen Research & Development, LLC",None listed,ALL,"ADULT, OLDER_ADULT",PHASE3,500,INDUSTRY,INTERVENTIONAL,Allocation: RANDOMIZED | Intervention Model: PARALLEL | Masking: NONE | Primary Purpose: TREATMENT,1,1,0,,A,
NCT05466799,FOLFIRINOX Versus OncoSil™ in Addition to FOLFIRINOX in Patients With Locally Advanced Pancreatic Adenocarcinoma,https://clinicaltrials.gov/study/NCT05466799,ACTIVE_NOT_RECRUITING,Locally Advanced Pancreatic Cancer,DRUG: FOLFIRINOX chemotherapy|DEVICE: OncoSil™,OncoSil Medical Limited,None listed,ALL,"ADULT, OLDER_ADULT",PHASE2,88,INDUSTRY,INTERVENTIONAL,Allocation: RANDOMIZED | Intervention Model: PARALLEL | Masking: NONE | Primary Purpose: TREATMENT,1,1,0,,,
NCT06450314,Decreasing Treatment for Metastatic HER2-Positive Breast Cancer With Undectable Cancer Levels in Blood Tests.,https://clinicaltrials.gov/study/NCT06450314,RECRUITING,Metastatic Breast Cancer|HER2-positive Breast Cancer,DRUG: Discontinuation of the anti-HER2 maintenance therapy|DEVICE: Monitoring with signatera test,UNICANCER,"Natera, Inc.",ALL,"ADULT, OLDER_ADULT",PHASE2,170,OTHER,INTERVENTIONAL,Allocation: NA | Intervention Model: SINGLE_GROUP | Masking: NONE | Primary Purpose: TREATMENT,1,1,0,,,
NCT04459416,Managing Pain and Symptom Burden Caused by Chemotherapy in People With Myeloma or Lymphoma,https://clinicaltrials.gov/study/NCT04459416,ACTIVE_NOT_RECRUITING,Multiple Myeloma|Hodgkin Disease|Non-Hodgkin Lymphoma,OTHER: Acupuncture|DRUG: opioid|OTHER: Assessments,Memorial Sloan Kettering Cancer Center,Patient-Centered Outcomes Research Institute|Hackensack Meridian Health,ALL,"ADULT, OLDER_ADULT",PHASE3,299,OTHER,INTERVENTIONAL,Allocation: RANDOMIZED | Intervention Model: PARALLEL | Masking: NONE | Primary Purpose: TREATMENT,1,1,0,,,
NCT06668584,A Phase II Open-label Study of Olutasidenib Post-transplant Maintenance Therapy for Patients With IDH1-mutated Myeloid Malignancies,https://clinicaltrials.gov/study/NCT06668584,RECRUITING,Myeloid Malignancies,DRUG: Olutasidenib,M.D. Anderson Cancer Center,None listed,ALL,"ADULT, OLDER_ADULT",PHASE2,31,OTHER,INTERVENTIONAL,Allocation: NA | Intervention Model: SINGLE_GROUP | Masking: NONE | Primary Purpose: TREATMENT,1,1,0,,,
NCT07641855,A Study of BL-B01D1 Combination Therapy in Patients With Metastatic Castration-resistant Prostate Cancer,https://clinicaltrials.gov/study/NCT07641855,NOT_YET_RECRUITING,Castration-resistant Prostate Cancer,DRUG: BL-B01D1|DRUG: Abiraterone|DRUG: Olaparib,"Sichuan Baili Pharmaceutical Co., Ltd.","Baili-Bio (Chengdu) Pharmaceutical Co., Ltd.",ALL,"ADULT, OLDER_ADULT",PHASE2|PHASE3,180,INDUSTRY,INTERVENTIONAL,Allocation: NA | Intervention Model: SINGLE_GROUP | Masking: NONE | Primary Purpose: TREATMENT,1,1,0,,,
NCT06126640,"A Phase III, Active-Controlled Study of SHR-A1811 Versus Trastuzumab Emtansine (T-DM1) in HER2-Positive Primary Breast Cancer Participants With Residual Invasive Disease Following Neoadjuvant Therapy",https://clinicaltrials.gov/study/NCT06126640,ACTIVE_NOT_RECRUITING,HER2-Positive Primary Breast Cancer Participants With Residual Invasive Disease Following Neoadjuvant Therapy,DRUG: SHR-A1811|DRUG: Trastuzumab Emtansine,"Jiangsu HengRui Medicine Co., Ltd.",None listed,FEMALE,"ADULT, OLDER_ADULT",PHASE3,1615,INDUSTRY,INTERVENTIONAL,Allocation: RANDOMIZED | Intervention Model: PARALLEL | Masking: NONE | Primary Purpose: TREATMENT,1,1,0,,,
NCT04378647,BREntuximab Vedotin in SEcond LIne Therapy BEfore Transplant,https://clinicaltrials.gov/study/NCT04378647,RECRUITING,"Hodgkin Lymphoma, Adult",DRUG: Induction with Brentuximab vedotin (BV)|DRUG: Induction without Brentuximab Vedotin|DRUG: Consolidation with Brentuximab Vedotin,Grupo Español de Linfomas y Transplante Autólogo de Médula Ósea,None listed,ALL,"ADULT, OLDER_ADULT",PHASE2,150,OTHER,INTERVENTIONAL,Allocation: RANDOMIZED | Intervention Model: PARALLEL | Masking: NONE | Primary Purpose: TREATMENT,1,1,0,,,
NCT06896981,Semaglutide in Women With Polycystic Ovary Syndrome and Obesity,https://clinicaltrials.gov/study/NCT06896981,RECRUITING,Polycystic Ovary Syndrome (PCOS) Women|Obesity,DRUG: Metformin with Semaglutide,"Bangabandhu Sheikh Mujib Medical University, Dhaka, Bangladesh",None listed,FEMALE,"CHILD, ADULT",PHASE2|PHASE3,30,OTHER,INTERVENTIONAL,Allocation: RANDOMIZED | Intervention Model: PARALLEL | Masking: NONE | Primary Purpose: TREATMENT,1,0,1,,,
NCT07389265,Continuation of Cetuximab Beyond First-Line Progression in Metastatic Colorectal Cancer,https://clinicaltrials.gov/study/NCT07389265,RECRUITING,Metastatic Colorectal Cancer (mCRC),"DRUG: Erbitux (Cetuximab)|DRUG: Bevacizumab|DRUG: FOLFOX (Folinic acid + Fluorouracil + Oxaliplatin)|DRUG: FOLFIRI (5-Fluorouracil, Folinic acid, Irinotecan)",University of Campania Luigi Vanvitelli,None listed,ALL,"ADULT, OLDER_ADULT",PHASE3,480,OTHER,INTERVENTIONAL,Allocation: RANDOMIZED | Intervention Model: PARALLEL | Masking: NONE | Primary Purpose: TREATMENT,1,1,0,,,
NCT05320692,A Study of TACE Combined With Camrelizumab Plus Rivoceranib (Apatinib) in Patients With Incurable Hepatocellular Carcinoma,https://clinicaltrials.gov/study/NCT05320692,ACTIVE_NOT_RECRUITING,Hepatocellular Carcinoma,DRUG: TACE+Camrelizumab+Apatinib mesylate|PROCEDURE: TACE,"Jiangsu HengRui Medicine Co., Ltd.",None listed,ALL,"ADULT, OLDER_ADULT",PHASE3,423,INDUSTRY,INTERVENTIONAL,Allocation: RANDOMIZED | Intervention Model: PARALLEL | Masking: NONE | Primary Purpose: TREATMENT,1,1,0,,,
NCT07680764,"A Study To Assess the Safety, Tolerability, and Efficacy of Imzokitug in Combination With Pumitamig and Platinum-Doublet Chemotherapy (PDCT) Versus Pumitamig and PDCT as First-line Treatment for Participants With Locally Advanced or Metastatic Non-Small Cell Lung Cancer (NSCLC)",https://clinicaltrials.gov/study/NCT07680764,RECRUITING,Locally Advanced Non-Small Cell Lung Cancer (NSCLC)|Metastatic Non-Small Cell Lung Cancer (NSCLC),DRUG: Pumitamig|DRUG: Imzokitug,Bristol-Myers Squibb,None listed,ALL,"ADULT, OLDER_ADULT",PHASE2,160,INDUSTRY,INTERVENTIONAL,Allocation: RANDOMIZED | Intervention Model: PARALLEL | Masking: NONE | Primary Purpose: TREATMENT,1,1,0,,,
NCT07479732,Apatinib Combined With Liposomal Irinotecan for Refractory or Metastatic Osteosarcoma,https://clinicaltrials.gov/study/NCT07479732,RECRUITING,Osteosarcoma|Osteosarcoma Metastatic,DRUG: Liposomal Irinotecan|DRUG: Apatinib in arm1,Peking University People's Hospital,None listed,ALL,"CHILD, ADULT, OLDER_ADULT",PHASE1|PHASE2,56,OTHER,INTERVENTIONAL,Allocation: NA | Intervention Model: SINGLE_GROUP | Masking: NONE | Primary Purpose: TREATMENT,1,1,1,,,
NCT07108998,Study of Epcoritamab as a Consolidation Therapy in CLL/SLL,https://clinicaltrials.gov/study/NCT07108998,RECRUITING,CLL/SLL|CLL|SLL|Chronic Lymphocytic Leukemia|Small Lymphocytic Lymphoma|Small Lymphocytic Lymphoma Variant|Chronic Lymphocytic Leukemia Variants,DRUG: Epcoritamab,Zulfa Omer,Genmab,ALL,"ADULT, OLDER_ADULT",PHASE2,22,OTHER,INTERVENTIONAL,Allocation: NA | Intervention Model: SINGLE_GROUP | Masking: NONE | Primary Purpose: TREATMENT,1,1,0,,,
NCT03504163,Pembrolizumab (MK-3475) and Bacillus Calmette-Guérin (BCG) as First-Line Treatment for High-Risk T1 Non-Muscle-Invasive Bladder Cancer (NMIBC) and High-Grade Non-Muscle-Invasive Upper Tract Urothelial Carcinoma (NMI-UTUC)],https://clinicaltrials.gov/study/NCT03504163,ACTIVE_NOT_RECRUITING,Bladder Cancer,DRUG: Pembrolizumab (MK-3475)|DRUG: Bacillus Calmette-Guérin (BCG),Memorial Sloan Kettering Cancer Center,Merck Sharp & Dohme LLC,ALL,"ADULT, OLDER_ADULT",PHASE2,45,OTHER,INTERVENTIONAL,Allocation: NON_RANDOMIZED | Intervention Model: PARALLEL | Masking: NONE | Primary Purpose: TREATMENT,1,1,0,,,
NCT06355401,Maintenance Hormonal Therapy and DLBCL,https://clinicaltrials.gov/study/NCT06355401,NOT_YET_RECRUITING,Diffuse Large B Cell Lymphoma,DRUG: Tamoxifen 20mg,Sohag University,None listed,ALL,"ADULT, OLDER_ADULT",PHASE2|PHASE3,100,OTHER,INTERVENTIONAL,"Allocation: RANDOMIZED | Intervention Model: PARALLEL | Masking: DOUBLE (INVESTIGATOR, OUTCOMES_ASSESSOR) | Primary Purpose: TREATMENT",1,1,0,,,
NCT07235319,PD-1 Inhibitor Plus Chemotherapy Followed by Immediate Versus Salvage Locoregional Radiotherapy in De Novo Metastatic NPC,https://clinicaltrials.gov/study/NCT07235319,RECRUITING,Nasopharangeal Cancer|Distant Metastasis,RADIATION: Immediate locoregional radiotherapy|RADIATION: Salvage locoregional radiotherapy,Sun Yat-sen University,None listed,ALL,"ADULT, OLDER_ADULT",PHASE3,260,OTHER,INTERVENTIONAL,Allocation: RANDOMIZED | Intervention Model: PARALLEL | Masking: NONE | Primary Purpose: TREATMENT,1,1,0,,,
NCT07587619,Intraoperative Use of Oxygen Saturation Imaging to Assess Intestinal Perfusion,https://clinicaltrials.gov/study/NCT07587619,ACTIVE_NOT_RECRUITING,Colorectal Cancer|Diverticulitis of Sigmoid,DEVICE: Fujifilm monitoring,University of Southern California,Fujifilm,ALL,"ADULT, OLDER_ADULT",PHASE1|PHASE2,52,OTHER,INTERVENTIONAL,Allocation: NA | Intervention Model: SINGLE_GROUP | Masking: NONE | Primary Purpose: DIAGNOSTIC,1,1,0,,,
NCT00186992,Radiation Therapy to Treat Musculoskeletal Tumors,https://clinicaltrials.gov/study/NCT00186992,ACTIVE_NOT_RECRUITING,"Sarcoma, Ewing's|Rhabdomyosarcoma|Soft Tissue Sarcoma|Musculoskeletal Tumors",RADIATION: image-guided radiotherapy,St. Jude Children's Research Hospital,Lance Armstrong Foundation,ALL,"CHILD, ADULT",PHASE2,202,OTHER,INTERVENTIONAL,Allocation: NA | Intervention Model: SINGLE_GROUP | Masking: NONE | Primary Purpose: TREATMENT,1,0,1,,,
NCT06608732,Combination of Inaticabtagene Autoleucel With Autologous Hematopoietic Stem Cell Transplantation for Adolescents or Adults With MRD-Positive B-Cell Acute Lymphoblastic Leukemia in Initial Complete Remission.,https://clinicaltrials.gov/study/NCT06608732,RECRUITING,B-cell Acute Lymphoblastic Leukemia,BIOLOGICAL: Inaticabtagene autoleucel,"Institute of Hematology & Blood Diseases Hospital, China",Juventas Cell Therapy Ltd.,ALL,"CHILD, ADULT, OLDER_ADULT",PHASE2,20,OTHER,INTERVENTIONAL,Allocation: NA | Intervention Model: SINGLE_GROUP | Masking: NONE | Primary Purpose: TREATMENT,1,1,1,,,
NCT02768363,Randomized Controlled Trial of CAN-2409 Immunotherapy During Active Surveillance for Prostate Cancer (ULYSSES),https://clinicaltrials.gov/study/NCT02768363,ACTIVE_NOT_RECRUITING,Prostate Cancer,BIOLOGICAL: aglatimagene besadenovec|BIOLOGICAL: placebo|DRUG: valacyclovir,"Candel Therapeutics, Inc.",None listed,MALE,"ADULT, OLDER_ADULT",PHASE2,187,INDUSTRY,INTERVENTIONAL,"Allocation: RANDOMIZED | Intervention Model: PARALLEL | Masking: QUADRUPLE (PARTICIPANT, CARE_PROVIDER, INVESTIGATOR, OUTCOMES_ASSESSOR) | Primary Purpose: TREATMENT",1,1,0,,,
NCT05871021,Protective VEGF Inhibition for Isotoxic Dose Escalation in Glioblastoma,https://clinicaltrials.gov/study/NCT05871021,RECRUITING,Glioblastoma,RADIATION: Dose escalation of radiation dose beyond the therapeutic standard,University Hospital Tuebingen,None listed,ALL,"ADULT, OLDER_ADULT",PHASE2,146,OTHER,INTERVENTIONAL,Allocation: NA | Intervention Model: SINGLE_GROUP | Masking: NONE | Primary Purpose: TREATMENT,1,1,0,,,
NCT06605131,GP Combined with Toripalimab Versus GP Induction Chemotherapy for Advanced Childhood Nasopharyngeal Carcinoma,https://clinicaltrials.gov/study/NCT06605131,NOT_YET_RECRUITING,Nasopharyngeal Cancinoma (NPC),DRUG: GP+Toripalimab+CCRT|DRUG: GP+CCRT,Sun Yat-sen University,None listed,ALL,"CHILD, ADULT",PHASE2,72,OTHER,INTERVENTIONAL,Allocation: RANDOMIZED | Intervention Model: PARALLEL | Masking: NONE | Primary Purpose: TREATMENT,1,0,1,,,
NCT03899792,A Study of Oral LOXO-292 (Selpercatinib) in Pediatric Participants With Advanced Solid or Primary Central Nervous System (CNS) Tumors,https://clinicaltrials.gov/study/NCT03899792,ACTIVE_NOT_RECRUITING,Medullary Thyroid Cancer|Infantile Myofibromatosis|Infantile Fibrosarcoma|Papillary Thyroid Cancer|Soft Tissue Sarcoma,DRUG: Selpercatinib,Eli Lilly and Company,"Loxo Oncology, Inc.",ALL,"CHILD, ADULT",PHASE1|PHASE2,36,INDUSTRY,INTERVENTIONAL,Allocation: NON_RANDOMIZED | Intervention Model: SINGLE_GROUP | Masking: NONE | Primary Purpose: TREATMENT,1,0,1,,,
NCT07547553,A Phase Ib/II Trial to Evaluate the Efficacy and Safety of HH-009 for the Treatment of FGF19-positive Advanced or Unresectable HCC,https://clinicaltrials.gov/study/NCT07547553,RECRUITING,Advanced or Unresectable Hepatocellular Carcinoma (HCC),"DRUG: Will receive HH-009 injection 20 mg/kg, Q3W|DRUG: Will receive HH-009 injection 30 mg/kg, Q3W",Huahui Health,None listed,ALL,"ADULT, OLDER_ADULT",PHASE1|PHASE2,30,INDUSTRY,INTERVENTIONAL,Allocation: RANDOMIZED | Intervention Model: PARALLEL | Masking: NONE | Primary Purpose: TREATMENT,1,1,0,,,
NCT06835972,A Study of Abemaciclib and Cabozantinib in People With Clear Cell Renal Cell Carcinoma (ccRCC),https://clinicaltrials.gov/study/NCT06835972,RECRUITING,Metastatic Renal Cell Carcinoma|Translocation Renal Cell Carcinoma,DRUG: Abemaciclib|DRUG: Cabozantinib,Memorial Sloan Kettering Cancer Center,Eli Lilly and Company|Exelixis,ALL,"ADULT, OLDER_ADULT",PHASE1|PHASE2,43,OTHER,INTERVENTIONAL,Allocation: NA | Intervention Model: SINGLE_GROUP | Masking: NONE | Primary Purpose: TREATMENT,1,1,0,,,
NCT07076095,A Phase II/III Study of IBB0979 in Combination With Topotecan Versus Topotecan in Relapsed Small Cell Lung Cancer,https://clinicaltrials.gov/study/NCT07076095,NOT_YET_RECRUITING,Small Cell Lung Cancer,DRUG: IBB0979|DRUG: topotecan hydrochloride for injection,"SUNHO（China）BioPharmaceutical CO., Ltd.",Zhengzhou University,ALL,"ADULT, OLDER_ADULT",PHASE2,200,INDUSTRY,INTERVENTIONAL,Allocation: NA | Intervention Model: PARALLEL | Masking: NONE | Primary Purpose: TREATMENT,1,1,0,,,
NCT07279077,"Node-Sparing Low-Dose Radiotherapy Concurrent With Chemotherapy and PD-1 Inhibitor in pMMR/MSS High-Risk Locally Advanced Colon Cancer: A Prospective, Single-Arm, Phase II Trial",https://clinicaltrials.gov/study/NCT07279077,RECRUITING,Colon Cancer|Neoadjuvant Therapies|Immune Checkpoint Therapy|Radiation Therapy,COMBINATION_PRODUCT: Node-Sparing Low-Dose Radiotherapy Concurrent With Chemotherapy and PD-1 Inhibitor,"Sixth Affiliated Hospital, Sun Yat-sen University",None listed,ALL,"ADULT, OLDER_ADULT",PHASE2,38,OTHER,INTERVENTIONAL,Allocation: NA | Intervention Model: SINGLE_GROUP | Masking: NONE | Primary Purpose: TREATMENT,1,1,0,,,
NCT03259867,Combination of TATE and PD-1 Inhibitor in Liver Cancer,https://clinicaltrials.gov/study/NCT03259867,RECRUITING,Hepatocellular Carcinoma|Gastric Cancer,DRUG: Nivolumab Injectable Product|COMBINATION_PRODUCT: Trans-arterial tirapazamine embolization,Teclison Ltd.,None listed,ALL,"ADULT, OLDER_ADULT",PHASE2,54,INDUSTRY,INTERVENTIONAL,Allocation: NON_RANDOMIZED | Intervention Model: SINGLE_GROUP | Masking: NONE | Primary Purpose: TREATMENT,1,1,0,,,
NCT05227664,A Study of AK117/AK112 in Metastatic Triple-Negative Breast Cancer,https://clinicaltrials.gov/study/NCT05227664,ACTIVE_NOT_RECRUITING,Metastatic Triple-negative Breast Cancer|Locally Advanced Triple-negative Breast Cancer,DRUG: AK117|DRUG: AK112|DRUG: Nab paclitaxel|DRUG: paclitaxel,Akeso,None listed,ALL,"ADULT, OLDER_ADULT",PHASE2,120,INDUSTRY,INTERVENTIONAL,Allocation: NON_RANDOMIZED | Intervention Model: PARALLEL | Masking: NONE | Primary Purpose: TREATMENT,1,1,0,,,
NCT07206264,Chemotherapy Combined With Targeted Therapy as First-line Treatment for Mantle Cell Lymphoma Based on MRD and PET-CT Assessment,https://clinicaltrials.gov/study/NCT07206264,NOT_YET_RECRUITING,Mantle Cell Lymphoma,DRUG: Bendamustine + anti-CD20 monoclonal antibody/orelabrutinib + anti-CD20 monoclonal antibody,Tianjin Medical University Cancer Institute and Hospital,None listed,ALL,"ADULT, OLDER_ADULT",PHASE2,45,OTHER,INTERVENTIONAL,Allocation: NA | Intervention Model: SINGLE_GROUP | Masking: NONE | Primary Purpose: TREATMENT,1,1,0,,,
NCT07459634,A Study of Lurbinectedin in Combination With Durvalumab for the Treatment of Participants With ES-SCLC,https://clinicaltrials.gov/study/NCT07459634,RECRUITING,Extensive-stage Small-cell Lung Cancer,DRUG: Lurbinectedin|DRUG: Durvalumab,Jazz Pharmaceuticals,Jazz Pharmaceuticals Ireland Limited,ALL,"ADULT, OLDER_ADULT",PHASE2,50,INDUSTRY,INTERVENTIONAL,Allocation: NA | Intervention Model: SINGLE_GROUP | Masking: NONE | Primary Purpose: TREATMENT,1,1,0,,,
NCT05768529,Clinical Study of U16 in Patients With Relapsed or Refractory Non-Hodgkin's Lymphoma,https://clinicaltrials.gov/study/NCT05768529,RECRUITING,Relapsed or Refractory Non-Hodgkin's Lymphoma,DRUG: U16,"Shanghai Unicar-Therapy Bio-medicine Technology Co.,Ltd",None listed,ALL,"ADULT, OLDER_ADULT",PHASE1|PHASE2,100,INDUSTRY,INTERVENTIONAL,Allocation: NA | Intervention Model: SINGLE_GROUP | Masking: NONE | Primary Purpose: TREATMENT,1,1,0,,,
NCT06374602,Efficacy of Pembrolizumab and Lenvatinib in Patients With Anaplastic Thyroid Cancer,https://clinicaltrials.gov/study/NCT06374602,RECRUITING,Anaplastic Thyroid Cancer,DRUG: Pembrolizumab + Lenvatinib,"Saint Petersburg State University, Russia",None listed,ALL,"ADULT, OLDER_ADULT",PHASE2,20,OTHER,INTERVENTIONAL,Allocation: NA | Intervention Model: SINGLE_GROUP | Masking: NONE | Primary Purpose: TREATMENT,1,1,0,,,
NCT07754292,Off-Label Treatment With Immune Checkpoint Inhibitor Blockade,https://clinicaltrials.gov/study/NCT07754292,NOT_YET_RECRUITING,Malignancy,"DRUG: One or more off-label ICIs alone or with other on-label ICI(s)|DRUG: Off-label ICI(s) with targeted therapy|DRUG: off-label ICI(s) with other agents that are not targeted (including, but not limited to, chemotherapy, hormonal therapy, immunotherapy other than ICIs) with or without targeted agents",Medical College of Wisconsin,None listed,ALL,"ADULT, OLDER_ADULT",PHASE2,231,OTHER,INTERVENTIONAL,Allocation: NON_RANDOMIZED | Intervention Model: PARALLEL | Masking: NONE | Primary Purpose: TREATMENT,1,1,0,,,
NCT04891809,Isatuximab in Combination With Rd Compared to Rd in Elderly Patients (Aged ≥70 Years) With NDMM,https://clinicaltrials.gov/study/NCT04891809,ACTIVE_NOT_RECRUITING,Newly Diagnosed Multiple Myeloma,DRUG: Isatuximab-Irfc 20 MG/ML [Sarclisa]|DRUG: Lenalidomide|DRUG: Dexamethasone Oral,Arbeitsgemeinschaft medikamentoese Tumortherapie,University of Navarra|Medical University of Vienna|Assign Data Management and Biostatistics GmbH|WiSP GmbH|Sanofi,ALL,OLDER_ADULT,PHASE2,198,OTHER,INTERVENTIONAL,Allocation: RANDOMIZED | Intervention Model: PARALLEL | Masking: NONE | Primary Purpose: TREATMENT,1,1,0,,,
NCT04230499,Trial of ERapa to Prevent Progression in Familial Adenomatous Polyposis Patients Under Active Surveillance,https://clinicaltrials.gov/study/NCT04230499,ACTIVE_NOT_RECRUITING,Familial Adenomatous Polyposis,DRUG: Encapsulated Rapamycin (eRapa),Rapamycin Holdings Inc.,"Cancer Insight, LLC|Biodexa Pharmaceuticals",ALL,"ADULT, OLDER_ADULT",PHASE2,30,INDUSTRY,INTERVENTIONAL,Allocation: NON_RANDOMIZED | Intervention Model: SEQUENTIAL | Masking: NONE | Primary Purpose: TREATMENT,1,1,0,,,
NCT04139902,Neoadjuvant PD-1 Inhibitor Dostarlimab (TSR-042) vs. Combination of Tim-3 Inhibitor Cobolimab (TSR-022) and PD-1 Inhibitor Dostarlimab (TSR-042) in Melanoma,https://clinicaltrials.gov/study/NCT04139902,ACTIVE_NOT_RECRUITING,Melanoma Stage III|Melanoma Stage IV,DRUG: Dostarlimab (TSR-042) (singly)|DRUG: Dostarlimab (TSR-042) and TSR-022 (combination),Diwakar Davar,"Tesaro, Inc.",ALL,"ADULT, OLDER_ADULT",PHASE2,48,OTHER,INTERVENTIONAL,Allocation: RANDOMIZED | Intervention Model: SEQUENTIAL | Masking: NONE | Primary Purpose: TREATMENT,1,1,0,,,
NCT06780137,A Study to Evaluate the Safety and Efficacy of Gocatamig (MK-6070) and Ifinatamab Deruxtecan (I-DXd) in Participants With Relapsed/Refractory Extensive-Stage Small Cell Lung Cancer (MK-6070-002),https://clinicaltrials.gov/study/NCT06780137,RECRUITING,Small Cell Lung Cancer,BIOLOGICAL: Gocatamig|BIOLOGICAL: Ifinatamab Deruxtecan (I-DXd)|BIOLOGICAL: Durvalumab,Merck Sharp & Dohme LLC,Daiichi Sankyo,ALL,"ADULT, OLDER_ADULT",PHASE1|PHASE2,327,INDUSTRY,INTERVENTIONAL,Allocation: RANDOMIZED | Intervention Model: PARALLEL | Masking: NONE | Primary Purpose: TREATMENT,1,1,0,,,
NCT06172595,FET PET in Differentiating Tumour Progression From Pseudoprogression in High Grade Glioma,https://clinicaltrials.gov/study/NCT06172595,RECRUITING,"Glioma, Malignant",DIAGNOSTIC_TEST: FET PET,Singapore General Hospital,"National Cancer Centre, Singapore|National Neuroscience Institute Singapore|Duke-NUS Graduate Medical School",ALL,"ADULT, OLDER_ADULT",PHASE2,22,OTHER,INTERVENTIONAL,Allocation: NA | Intervention Model: SINGLE_GROUP | Masking: NONE | Primary Purpose: DIAGNOSTIC,1,1,0,,,
NCT03598595,"Gemcitabine, Docetaxel, and Hydroxychloroquine in Treating Participants With Recurrent or Refractory Osteosarcoma",https://clinicaltrials.gov/study/NCT03598595,ACTIVE_NOT_RECRUITING,Recurrent Osteosarcoma|Refractory Osteosarcoma,DRUG: Docetaxel|DRUG: Gemcitabine|DRUG: Hydroxychloroquine,M.D. Anderson Cancer Center,National Cancer Institute (NCI),ALL,"CHILD, ADULT, OLDER_ADULT",PHASE1|PHASE2,31,OTHER,INTERVENTIONAL,Allocation: NA | Intervention Model: SINGLE_GROUP | Masking: NONE | Primary Purpose: TREATMENT,1,1,1,,,
NCT05211895,A Global Study to Assess the Effects of Durvalumab + Domvanalimab Following Concurrent Chemoradiation in Participants With Stage III Unresectable NSCLC,https://clinicaltrials.gov/study/NCT05211895,RECRUITING,Non-Small Cell Lung Cancer,DRUG: Durvalumab|DRUG: Domvanalimab|OTHER: Placebo,AstraZeneca,"Arcus Biosciences, Inc.",ALL,"ADULT, OLDER_ADULT",PHASE3,860,INDUSTRY,INTERVENTIONAL,"Allocation: RANDOMIZED | Intervention Model: PARALLEL | Masking: QUADRUPLE (PARTICIPANT, CARE_PROVIDER, INVESTIGATOR, OUTCOMES_ASSESSOR) | Primary Purpose: TREATMENT",1,1,0,,,
NCT05067530,"Cyclin dEpendent Kinase in tRiple nEGatIVe brEast canceR - a ""Window of Opportunity"" Study",https://clinicaltrials.gov/study/NCT05067530,NOT_YET_RECRUITING,Triple Negative Breast Neoplasms,DRUG: Palbociclib|DRUG: Paclitaxel|DRUG: Carboplatin,Medical University of Gdansk,None listed,ALL,"ADULT, OLDER_ADULT",PHASE2,126,OTHER,INTERVENTIONAL,Allocation: RANDOMIZED | Intervention Model: PARALLEL | Masking: NONE | Primary Purpose: TREATMENT,1,1,0,,,
NCT04668300,"Oleclumab and Durvalumab for the Treatment of Recurrent, Refractory, or Metastatic Sarcoma",https://clinicaltrials.gov/study/NCT04668300,ACTIVE_NOT_RECRUITING,Metastatic Angiosarcoma|Metastatic Dedifferentiated Liposarcoma|Metastatic Osteosarcoma|Recurrent Angiosarcoma|Recurrent Dedifferentiated Liposarcoma|Recurrent Osteosarcoma|Refractory Dedifferentiated Liposarcoma|Refractory Osteosarcoma,BIOLOGICAL: Durvalumab|BIOLOGICAL: Oleclumab,M.D. Anderson Cancer Center,National Cancer Institute (NCI),ALL,"CHILD, ADULT, OLDER_ADULT",PHASE2,75,OTHER,INTERVENTIONAL,Allocation: NA | Intervention Model: SINGLE_GROUP | Masking: NONE | Primary Purpose: TREATMENT,1,1,1,,,
NCT04546009,"A Study Evaluating the Efficacy and Safety of Giredestrant Combined With Palbociclib Compared With Letrozole Combined With Palbociclib in Participants With Estrogen Receptor-Positive, HER2-Negative Locally Advanced or Metastatic Breast Cancer (persevERA Breast Cancer)",https://clinicaltrials.gov/study/NCT04546009,ACTIVE_NOT_RECRUITING,"Estrogen Receptor-Positive, HER2-Negative Locally Advanced or Metastatic Breast Cancer",DRUG: Giredestrant|DRUG: Giredestrant-matched Placebo|DRUG: Letrozole|DRUG: Letrozole-matched Placebo|DRUG: Palbociclib|DRUG: LHRH Agonist,Hoffmann-La Roche,None listed,ALL,"ADULT, OLDER_ADULT",PHASE3,992,INDUSTRY,INTERVENTIONAL,"Allocation: RANDOMIZED | Intervention Model: PARALLEL | Masking: DOUBLE (PARTICIPANT, INVESTIGATOR) | Primary Purpose: TREATMENT",1,1,0,,,
NCT04901702,Study of Onivyde With Talazoparib or Temozolomide in Children With Recurrent Solid Tumors and Ewing Sarcoma,https://clinicaltrials.gov/study/NCT04901702,RECRUITING,Recurrent Solid Tumor|Recurrent Ewing Sarcoma|Recurrent Hepatoblastoma|Recurrent Malignant Germ Cell Tumor|Recurrent Malignant Solid Neoplasm|Recurrent Neuroblastoma|Recurrent Osteosarcoma|Recurrent Peripheral Primitive Neuroectodermal Tumor|Recurrent Rhabdoid Tumor|Recurrent Rhabdomyosarcoma|Recurrent Soft Tissue Sarcoma|Recurrent Wilms Tumor|Refractory Ewing Sarcoma|Refractory Hepatoblastoma|Refractory Malignant Germ Cell Tumor|Refractory Malignant Solid Neoplasm|Refractory Neuroblastoma|Refractory Osteosarcoma|Refractory Peripheral Primitive Neuroectodermal Tumor|Refractory Rhabdoid Tumor|Refractory Rhabdomyosarcoma|Refractory Soft Tissue Sarcoma,DRUG: Onivyde|DRUG: Talazoparib|DRUG: Temozolomide,St. Jude Children's Research Hospital,Pfizer|Ipsen,ALL,"CHILD, ADULT",PHASE1|PHASE2,90,OTHER,INTERVENTIONAL,Allocation: RANDOMIZED | Intervention Model: PARALLEL | Masking: NONE | Primary Purpose: TREATMENT,1,0,1,,,
NCT07398339,Cosiporfin Sodium for Injection Photodynamic Therapy,https://clinicaltrials.gov/study/NCT07398339,RECRUITING,Biliary Tract Cancers (BTC),"DRUG: Cosiporfin Sodium for injection, DVDMS|DRUG: Gemcitabine Hydrochloride for Injection|DRUG: Cisplatin for injection","Shanghai Guangsheng Biopharmaceutical Co., Ltd",Peking University Cancer Hospital & Institute,ALL,"ADULT, OLDER_ADULT",PHASE2,30,INDUSTRY,INTERVENTIONAL,Allocation: NA | Intervention Model: SINGLE_GROUP | Masking: NONE | Primary Purpose: TREATMENT,1,1,0,,,
NCT04797767,Venetoclax and CLAG-M for the Treatment of Acute Myeloid Leukemia and High-Grade Myeloid Neoplasms,https://clinicaltrials.gov/study/NCT04797767,RECRUITING,Acute Biphenotypic Leukemia|Acute Myeloid Leukemia|Mixed Phenotype Acute Leukemia|Myeloid Neoplasm|Relapsed Acute Biphenotypic Leukemia|Relapsed Acute Myeloid Leukemia|Relapsed Mixed Phenotype Acute Leukemia|Relapsed Myeloid Neoplasm|Refractory Acute Biphenotypic Leukemia|Refractory Acute Myeloid Leukemia|Refractory Mixed Phenotype Acute Leukemia|Refractory Myeloid Neoplasm|Recurrent Myeloid Sarcoma,DRUG: Cladribine|DRUG: Cytarabine|DRUG: Mitoxantrone|BIOLOGICAL: Recombinant Granulocyte Colony-Stimulating Factor|DRUG: Venetoclax|PROCEDURE: Bone Marrow Aspiration|PROCEDURE: Bone Marrow Biopsy|PROCEDURE: Biospecimen Collection,University of Washington,AbbVie,ALL,"ADULT, OLDER_ADULT",PHASE1|PHASE2,62,OTHER,INTERVENTIONAL,Allocation: NA | Intervention Model: SINGLE_GROUP | Masking: NONE | Primary Purpose: TREATMENT,1,1,0,,,
NCT05145400,Isa-Rd for Frail and/or Much Older Patients With Newly Diagnosed Multiple Myeloma,https://clinicaltrials.gov/study/NCT05145400,RECRUITING,Multiple Myeloma|Cancer,DRUG: Isatuximab|DRUG: Lenalidomide|DRUG: Dexamethasone,UNC Lineberger Comprehensive Cancer Center,"Genzyme, a Sanofi Company",ALL,"ADULT, OLDER_ADULT",PHASE2,50,OTHER,INTERVENTIONAL,Allocation: NA | Intervention Model: SINGLE_GROUP | Masking: NONE | Primary Purpose: TREATMENT,1,1,0,,,
NCT00877500,Ixabepilone in Treating Participants With Significant Residual Disease of HER2/Neu Negative Invasive Breast Cancer After Systemic Therapy,https://clinicaltrials.gov/study/NCT00877500,ACTIVE_NOT_RECRUITING,Bilateral Breast Carcinoma|HER2/Neu Negative|Invasive Breast Carcinoma,OTHER: Best Practice|DRUG: Ixabepilone,M.D. Anderson Cancer Center,National Cancer Institute (NCI),ALL,"ADULT, OLDER_ADULT",PHASE2,116,OTHER,INTERVENTIONAL,Allocation: RANDOMIZED | Intervention Model: PARALLEL | Masking: NONE | Primary Purpose: TREATMENT,1,1,0,,,
NCT07514936,Venetoclax-Azacitidine in Combination With Chidamide and CAG in Fit Older Patients With Acute Myeloid Leukaemia,https://clinicaltrials.gov/study/NCT07514936,RECRUITING,Newly Diagnosed Acute Myeloid Leukemia (AML)|Elderly Patients,"DRUG: the standard ""3+7"" regimen|DRUG: Azacytidine; Cytarabine; Aclacinomycin; Chidamide; Venetoclax; Granulocyte",Chinese PLA General Hospital,940 Hospital of the People's Liberation Army Joint Logistic Support Force|The General Hospital of Western Theater Command|First Affiliated Hospital of Harbin Medical University|960th Hospital of Joint Logistics Support Force of People's Liberation Army of China|Fourth Medical Center of PLA General Hospital|The First Medical Center of Chinese PLA General Hospital|The 306 Hospital of People's Liberation Army|Air Force General Hospital of the PLA,ALL,"ADULT, OLDER_ADULT",PHASE3,120,OTHER,INTERVENTIONAL,Allocation: RANDOMIZED | Intervention Model: PARALLEL | Masking: NONE | Primary Purpose: TREATMENT,1,1,0,,,
NCT06514534,"Open-label Study of Asciminib for CML-CP or CML-AP Patients With T315I Mutation Who Are Resistant, Intolerant or Ineligible to Ponatinib.",https://clinicaltrials.gov/study/NCT06514534,RECRUITING,Chronic Myeloid Leukemia (CML),DRUG: ABL001/Asciminib,Novartis Pharmaceuticals,None listed,ALL,"ADULT, OLDER_ADULT",PHASE2,20,INDUSTRY,INTERVENTIONAL,Allocation: NA | Intervention Model: SINGLE_GROUP | Masking: NONE | Primary Purpose: TREATMENT,1,1,0,,,
NCT01886872,"Rituximab and Bendamustine Hydrochloride, Rituximab and Ibrutinib, or Ibrutinib Alone in Treating Older Patients With Previously Untreated Chronic Lymphocytic Leukemia",https://clinicaltrials.gov/study/NCT01886872,ACTIVE_NOT_RECRUITING,Stage I Chronic Lymphocytic Leukemia|Stage II Chronic Lymphocytic Leukemia|Stage III Chronic Lymphocytic Leukemia|Stage IV Chronic Lymphocytic Leukemia,DRUG: Bendamustine Hydrochloride|PROCEDURE: Biospecimen Collection|PROCEDURE: Bone Marrow Aspiration|PROCEDURE: Bone Marrow Biopsy|PROCEDURE: Computed Tomography|DRUG: Ibrutinib|OTHER: Laboratory Biomarker Analysis|OTHER: Quality-of-Life Assessment|BIOLOGICAL: Rituximab,National Cancer Institute (NCI),None listed,ALL,OLDER_ADULT,PHASE3,547,NIH,INTERVENTIONAL,Allocation: RANDOMIZED | Intervention Model: CROSSOVER | Masking: NONE | Primary Purpose: TREATMENT,1,1,0,,,
NCT06461819,Safety of Dose Escalation in Definitive Hypofractionated Radiation Therapy With SPACEOAR TM for Patients With Low-to-intermediate Risk Localized Prostate Cancer (DESAR-L),https://clinicaltrials.gov/study/NCT06461819,RECRUITING,Low-to-intermediate-risk Prostate Carcinoma,RADIATION: Low- and medium-risk studies performed after biodegradable substance injection prostate cancer dose increase.,Samsung Medical Center,None listed,MALE,"ADULT, OLDER_ADULT",PHASE2,33,OTHER,INTERVENTIONAL,Allocation: NA | Intervention Model: SINGLE_GROUP | Masking: NONE | Primary Purpose: TREATMENT,1,1,0,,,
NCT04090528,"pTVG-HP DNA Vaccine With or Without pTVG-AR DNA Vaccine and Pembrolizumab in Patients With Castration-Resistant, Metastatic Prostate Cancer",https://clinicaltrials.gov/study/NCT04090528,ACTIVE_NOT_RECRUITING,Castration-resistant Prostate Cancer|Metastatic Cancer|Prostate Cancer,BIOLOGICAL: pTVG-HP|BIOLOGICAL: pTVG-AR|DRUG: Pembrolizumab,"University of Wisconsin, Madison",Merck Sharp & Dohme LLC|Madison Vaccines Incorporated|Prostate Cancer Foundation,MALE,"ADULT, OLDER_ADULT",PHASE2,60,OTHER,INTERVENTIONAL,Allocation: RANDOMIZED | Intervention Model: PARALLEL | Masking: NONE | Primary Purpose: TREATMENT,1,1,0,,,
NCT03573700,Evaluation of CD19-Specific CAR Engineered Autologous T-Cells for Treatment of Relapsed/Refractory CD19+ Acute Lymphoblastic Leukemia,https://clinicaltrials.gov/study/NCT03573700,ACTIVE_NOT_RECRUITING,"Acute Lymphoblastic Leukemia, in Relapse|Acute Lymphoblastic Leukemia, Refractory",DRUG: Cyclophosphamide|DRUG: Fludarabine|DRUG: Mesna|DEVICE: CliniMACS|BIOLOGICAL: CD19- specific CAR engineered autologous T-cells (SJCAR19 product),St. Jude Children's Research Hospital,None listed,ALL,"CHILD, ADULT",PHASE1|PHASE2,24,OTHER,INTERVENTIONAL,Allocation: NA | Intervention Model: SINGLE_GROUP | Masking: NONE | Primary Purpose: TREATMENT,1,0,1,,,
NCT06432036,"Yttrium-90 (Y90) Radioembolization for the Treatment of Early Stage Renal Cell Carcinoma, The RENEGADE Trial",https://clinicaltrials.gov/study/NCT06432036,RECRUITING,Stage I Renal Cell Cancer|Stage II Renal Cell Cancer,PROCEDURE: Angiogram|PROCEDURE: Biospecimen Collection|PROCEDURE: Computed Tomography|RADIATION: Radioembolization|PROCEDURE: Single Photon Emission Computed Tomography|OTHER: Survey Administration|RADIATION: Yttrium Y 90 Glass Microspheres,Jonsson Comprehensive Cancer Center,Boston Scientific Corporation,ALL,"ADULT, OLDER_ADULT",PHASE1|PHASE2,25,OTHER,INTERVENTIONAL,Allocation: NA | Intervention Model: SINGLE_GROUP | Masking: NONE | Primary Purpose: TREATMENT,1,1,0,,,
NCT06254911,"Pre-operative Atezolizumab in Patients With Resectable, Human Papillomavirus Related Oropharyngeal Carcinoma",https://clinicaltrials.gov/study/NCT06254911,RECRUITING,"Oropharynx Cancer, Stage I",BIOLOGICAL: Atezolizumab|PROCEDURE: Transoral Surgery with cervical lymphadenctomy (neck dissection)|PROCEDURE: Computed Tomography|PROCEDURE: Magnetic Resonance Imaging,Emory University,"National Cancer Institute (NCI)|Genentech, Inc.",ALL,"ADULT, OLDER_ADULT",PHASE2,20,OTHER,INTERVENTIONAL,Allocation: NA | Intervention Model: SINGLE_GROUP | Masking: NONE | Primary Purpose: TREATMENT,1,1,0,,,
NCT06735144,Phase I/II Clinical Study of FH-006 for Injection in Patients With Malignant Solid Tumors,https://clinicaltrials.gov/study/NCT06735144,RECRUITING,Malignant Solid Tumor,DRUG: FH-006|DRUG: FH-006,"Jiangsu HengRui Medicine Co., Ltd.",None listed,ALL,"ADULT, OLDER_ADULT",PHASE1|PHASE2,200,INDUSTRY,INTERVENTIONAL,Allocation: NON_RANDOMIZED | Intervention Model: PARALLEL | Masking: NONE | Primary Purpose: TREATMENT,1,1,0,,,
NCT06193902,LEU01101: Safety and Preliminary Efficacy of LEU011 in Solid Tumours.,https://clinicaltrials.gov/study/NCT06193902,RECRUITING,"Tumor, Solid",BIOLOGICAL: LEU011,Leucid Bio,None listed,ALL,"ADULT, OLDER_ADULT",PHASE1|PHASE2,17,INDUSTRY,INTERVENTIONAL,Allocation: NA | Intervention Model: SEQUENTIAL | Masking: NONE | Primary Purpose: TREATMENT,1,1,0,,,
NCT06653777,Efficacy of Pemigatinib in Patients With Solid Tumors Characterized by an Alteration of the Gene FGFR in Tumor Cells,https://clinicaltrials.gov/study/NCT06653777,RECRUITING,"Solid Tumor, Miscellaneous",DRUG: Pemigatinib,UNICANCER,"National Cancer Institute, France|Incyte BioSciences France",ALL,"ADULT, OLDER_ADULT",PHASE2,40,OTHER,INTERVENTIONAL,Allocation: NA | Intervention Model: SINGLE_GROUP | Masking: NONE | Primary Purpose: TREATMENT,1,1,0,,,
NCT06535607,Study of Volrustomig as Monotherapy or in Combination With Anti- Cancer Agents in Participants With Advanced/Metastatic Solid Tumors,https://clinicaltrials.gov/study/NCT06535607,RECRUITING,Sub-study 1 Cervical Cancer (Volrustomig Monotherapy)|Sub-study 2 Head and Neck Squamous Cell Carcinoma (Volrustomig Monotherapy)|Sub-study 3 Head and Neck Squamous Cell Carcinoma (Volrustomig in Combination With Chemotherapy)|Sub-study 4 Esophageal Squamous Cell Carcinoma (Volrustomig in Combination With Chemotherapy)|Sub-study 5 Unresectable Pleural Mesothelioma (Volrustomig Monotherapy),BIOLOGICAL: Volrustomig|DRUG: Cisplatin|DRUG: Carboplatin|DRUG: Paclitaxel|DRUG: 5-FU,AstraZeneca,None listed,ALL,"ADULT, OLDER_ADULT",PHASE2,257,INDUSTRY,INTERVENTIONAL,Allocation: RANDOMIZED | Intervention Model: PARALLEL | Masking: NONE | Primary Purpose: TREATMENT,1,1,0,,,
NCT06610734,"Multicenter, Phase II Randomized Controlled Study of Adebrelimab Combined With Chemotherapy and Concurrent Low-Dose Radiotherapy (LDRT) for the Treatment of Extensive-Stage Small Cell Lung Cancer (SCLC)",https://clinicaltrials.gov/study/NCT06610734,RECRUITING,Small Cell Lung Cancer Extensive Stage,DRUG: Adebrelimab|DRUG: Chemotherapy|RADIATION: low dose radiotherapy,Sichuan University,"Shanghai Shengdi Pharmaceutical Co., Ltd",ALL,"ADULT, OLDER_ADULT",PHASE2,202,OTHER,INTERVENTIONAL,Allocation: RANDOMIZED | Intervention Model: PARALLEL | Masking: NONE | Primary Purpose: TREATMENT,1,1,0,,,
NCT06316960,Safety and Efficacy of Avapritinib in Relapsed or Refractory Pediatric CBF-AML With KIT Mutation,https://clinicaltrials.gov/study/NCT06316960,RECRUITING,"AML, Childhood|Relapse/Recurrence|Refractory AML|Core Binding Factor Acute Myeloid Leukemia|C-KIT Mutation",DRUG: Avapritinib|DRUG: Azacitidine Injection|DRUG: Decitabine Injection|DRUG: Idarubicin Hydrochloride|DRUG: Cytarabine|DRUG: Granulocyte Colony-Stimulating Factor,Children's Hospital of Soochow University,None listed,ALL,"CHILD, ADULT",PHASE2,50,OTHER,INTERVENTIONAL,Allocation: NA | Intervention Model: SINGLE_GROUP | Masking: NONE | Primary Purpose: TREATMENT,1,0,1,,,
NCT04071223,"Testing the Addition of a New Anti-cancer Drug, Radium-223 Dichloride, to the Usual Treatment (Cabozantinib) for Advanced Renal Cell Cancer That Has Spread to the Bone, RadiCaL Study",https://clinicaltrials.gov/study/NCT04071223,ACTIVE_NOT_RECRUITING,Advanced Renal Cell Carcinoma|Chromophobe Renal Cell Carcinoma|Clear Cell Renal Cell Carcinoma|Collecting Duct Carcinoma|Kidney Medullary Carcinoma|Metastatic Malignant Neoplasm in the Bone|Papillary Renal Cell Carcinoma|Stage IV Renal Cell Cancer AJCC v8|Unclassified Renal Cell Carcinoma,PROCEDURE: Biospecimen Collection|PROCEDURE: Bone Scan|DRUG: Cabozantinib S-malate|PROCEDURE: Computed Tomography|PROCEDURE: Magnetic Resonance Imaging|PROCEDURE: Positron Emission Tomography|OTHER: Questionnaire Administration|RADIATION: Radium Ra 223 Dichloride,National Cancer Institute (NCI),None listed,ALL,"ADULT, OLDER_ADULT",PHASE2,134,NIH,INTERVENTIONAL,Allocation: RANDOMIZED | Intervention Model: PARALLEL | Masking: NONE | Primary Purpose: TREATMENT,1,1,0,,,
NCT07639879,TR115 VS Investigator's Choice in Relapsed/Refractory Peripheral T/NK Cell Lymphoma,https://clinicaltrials.gov/study/NCT07639879,NOT_YET_RECRUITING,PTCL|NK T-Cell Lymphoma,DRUG: TR115|DRUG: Investigator's Choice,Tarapeutics Science Inc.,None listed,ALL,"ADULT, OLDER_ADULT",PHASE3,180,INDUSTRY,INTERVENTIONAL,Allocation: RANDOMIZED | Intervention Model: PARALLEL | Masking: NONE | Primary Purpose: TREATMENT,1,1,0,,,
NCT06482086,Efficacy of Organoid-Based Drug Screening to Guide Treatment for Locally Advanced Thyroid Cancer,https://clinicaltrials.gov/study/NCT06482086,RECRUITING,Locally Advanced Thyroid Gland Carcinoma,DRUG: Anlotinib|DRUG: Lenvatinib|DRUG: Sorafenib|DRUG: Donafenib|DRUG: Everolimus|DRUG: Apatinib|DRUG: Dabrafenib + Trametinib|DRUG: Cabozantinib|DRUG: Vandetanib|DRUG: Entrectinib|DRUG: Pralsetinib|DRUG: Larotrectinib,West China Hospital,None listed,ALL,"ADULT, OLDER_ADULT",PHASE2,75,OTHER,INTERVENTIONAL,Allocation: NA | Intervention Model: SINGLE_GROUP | Masking: NONE | Primary Purpose: TREATMENT,1,1,0,,,
NCT04246086,"A Study Evaluating the Safety, Pharmacokinetics, and Efficacy of Mosunetuzumab + Lenalidomide (+Len), and the Safety, Tolerability, and Pharmacokinetics of SC Versus IV Mosunetuzumab + Len in Participants With Follicular Lymphoma",https://clinicaltrials.gov/study/NCT04246086,ACTIVE_NOT_RECRUITING,Follicular Lymphoma,DRUG: Mosunetuzumab (IV)|DRUG: Tocilizumab|DRUG: Lenalidomide|DRUG: Mosunetuzumab (SC),Hoffmann-La Roche,None listed,ALL,"ADULT, OLDER_ADULT",PHASE1|PHASE2,237,INDUSTRY,INTERVENTIONAL,Allocation: RANDOMIZED | Intervention Model: SEQUENTIAL | Masking: NONE | Primary Purpose: TREATMENT,1,1,0,,,
NCT05501054,"Phase 1b/2 Trial of Ipilimumab, Nivolumab, and Ciforadenant (Adenosine A2a Receptor Antagonist) in First-line Advanced Renal Cell Carcinoma.",https://clinicaltrials.gov/study/NCT05501054,ACTIVE_NOT_RECRUITING,Renal Cell Carcinoma,DRUG: Ipilimumab|DRUG: Nivolumab|DRUG: Ciforadenant,M.D. Anderson Cancer Center,None listed,ALL,"ADULT, OLDER_ADULT",PHASE1|PHASE2,50,OTHER,INTERVENTIONAL,Allocation: NA | Intervention Model: SINGLE_GROUP | Masking: NONE | Primary Purpose: TREATMENT,1,1,0,,,
NCT07072494,CD19 CAR-T Cell Infusion as Consolidation Therapy in Adolescent and Adult Patients With Acute B-ALL Ineligible for Allogeneic HSCT: A Clinical Study,https://clinicaltrials.gov/study/NCT07072494,RECRUITING,Acute Lymphoblastic Leukemia,DRUG: CD19 CAR-T cells injection,Zhujiang Hospital,None listed,ALL,"CHILD, ADULT, OLDER_ADULT",PHASE1|PHASE2,30,OTHER,INTERVENTIONAL,Allocation: NA | Intervention Model: SINGLE_GROUP | Masking: NONE | Primary Purpose: TREATMENT,1,1,1,,,
NCT05524584,"Anastrazole, Fulvestrant & Abemaciclib for HR+HER2- Metastatic Breast Cancer",https://clinicaltrials.gov/study/NCT05524584,RECRUITING,Breast Cancer|Metastatic Breast Cancer|Hormone Receptor-positive Breast Cancer|HER2-negative Breast Cancer,DRUG: Fulvestrant|DRUG: Anastrozole|DRUG: Abemaciclib,"University of California, Irvine",None listed,ALL,"ADULT, OLDER_ADULT",PHASE2,20,OTHER,INTERVENTIONAL,Allocation: NA | Intervention Model: SINGLE_GROUP | Masking: NONE | Primary Purpose: TREATMENT,1,1,0,,,
NCT07160725,"A Phase 1/2a, First-in-human, Study of BMS-986517 in Participants With Advanced Solid Tumors",https://clinicaltrials.gov/study/NCT07160725,RECRUITING,Solid Tumours,DRUG: BMS-986517|DRUG: Pumitamig,Bristol-Myers Squibb,None listed,ALL,"ADULT, OLDER_ADULT",PHASE1|PHASE2,540,INDUSTRY,INTERVENTIONAL,Allocation: RANDOMIZED | Intervention Model: SEQUENTIAL | Masking: NONE | Primary Purpose: TREATMENT,1,1,0,,,
NCT06006390,CEA Targeting Chimeric Antigen Receptor T Lymphocytes (CAR-T) in the Treatment of CEA Positive Advanced Solid Tumors,https://clinicaltrials.gov/study/NCT06006390,RECRUITING,Gastric Cancer|Colon Cancer|Rectal Cancer|Esophageal Cancer|Pancreas Cancer|Lung Cancer|Breast Cancer,BIOLOGICAL: CEA-targeted CAR-T cells|BIOLOGICAL: CEA-targeted CAR-T cells,"Chongqing Precision Biotech Co., Ltd",Shanxi Bethune Hospital,ALL,"ADULT, OLDER_ADULT",PHASE1|PHASE2,60,INDUSTRY,INTERVENTIONAL,Allocation: NON_RANDOMIZED | Intervention Model: PARALLEL | Masking: NONE | Primary Purpose: TREATMENT,1,1,0,,,
NCT03755791,Study of Cabozantinib in Combination With Atezolizumab Versus Sorafenib in Participants With Advanced Hepatocellular Carcinoma (HCC) Who Have Not Received Previous Systemic Anticancer Therapy,https://clinicaltrials.gov/study/NCT03755791,ACTIVE_NOT_RECRUITING,Hepatocellular Carcinoma,DRUG: Cabozantinib|DRUG: Cabozantinib|DRUG: Sorafenib|DRUG: Atezolizumab,Exelixis,None listed,ALL,"ADULT, OLDER_ADULT",PHASE3,837,INDUSTRY,INTERVENTIONAL,Allocation: RANDOMIZED | Intervention Model: PARALLEL | Masking: NONE | Primary Purpose: TREATMENT,1,1,0,,,
NCT06736613,A Study of Circulating Tumor DNA (ctDNA) Testing for People With B-Cell Lymphoma,https://clinicaltrials.gov/study/NCT06736613,RECRUITING,Diffuse Large B Cell Lymphoma|High-grade B-cell Lymphoma|Stage III High Grade B-Cell Lymphoma|Stage IV High Grade B-Cell Lymphoma|DLBCL - Diffuse Large B Cell Lymphoma|Intravascular Large B-Cell Lymphoma|Diffuse Large B Cell Lymphoma of Breast|Diffuse Large B Cell Lymphoma of Testis|HIV-associated Diffuse Large B Cell Lymphoma|Double Expressor DLBCL,DIAGNOSTIC_TEST: Cerebral Spinal Fluid ctDNA,Memorial Sloan Kettering Cancer Center,None listed,ALL,"ADULT, OLDER_ADULT",PHASE2,50,OTHER,INTERVENTIONAL,Allocation: NA | Intervention Model: SINGLE_GROUP | Masking: NONE | Primary Purpose: DIAGNOSTIC,1,1,0,,,
NCT07109323,Autologous Transplantation Combined With BCMA CAR-T in the Treatment of UHR-MM,https://clinicaltrials.gov/study/NCT07109323,RECRUITING,"Ultra High Risk mm (uhr-mm), 18-70 Years Old, Suitable for ASCT. And Meet Any of the Following uhr-mm Definitions|Cytogenetics Ultra High Risk|Primary Refractory|Early Progression|Plasma Cell Leukemia|Non Paraosseous Extramedullary Infiltration|R2-ISS-IV /MPSS-IV",DRUG: BCMA CART,"Institute of Hematology & Blood Diseases Hospital, China","Hebei Taihe Chunyu Biotechnology Co., Ltd",ALL,"ADULT, OLDER_ADULT",PHASE1|PHASE2,50,OTHER,INTERVENTIONAL,Allocation: NA | Intervention Model: SINGLE_GROUP | Masking: NONE | Primary Purpose: TREATMENT,1,1,0,,,
NCT04802759,A Study Evaluating the Efficacy and Safety of Multiple Treatment Combinations in Participants With Breast Cancer,https://clinicaltrials.gov/study/NCT04802759,RECRUITING,"Inoperable, Locally Advanced or Metastatic, ER-positive Breast Cancer",DRUG: Giredestrant|DRUG: Abemaciclib|DRUG: Ipatasertib|DRUG: Inavolisib|DRUG: Ribociclib|DRUG: Everolimus|DRUG: Samuraciclib|DRUG: PH FDC SC|DRUG: Palbociclib|DRUG: Atezolizumab,Hoffmann-La Roche,None listed,FEMALE,"ADULT, OLDER_ADULT",PHASE1|PHASE2,316,INDUSTRY,INTERVENTIONAL,Allocation: RANDOMIZED | Intervention Model: PARALLEL | Masking: NONE | Primary Purpose: TREATMENT,1,1,0,,,
NCT04758533,Clinical Trial to Assess the Safety and Efficacy of AloCELYVIR With Newly Diagnosed Diffuse Intrinsic Pontine Glioma (DIPG) in Combination With Radiotherapy or Medulloblastoma in Monotherapy,https://clinicaltrials.gov/study/NCT04758533,ACTIVE_NOT_RECRUITING,"Diffuse Intrinsic Pontine Glioma|Medulloblastoma, Childhood, Recurrent",BIOLOGICAL: AloCELYVIR,"Hospital Infantil Universitario Niño Jesús, Madrid, Spain",Apices Soluciones S.L.,ALL,"CHILD, ADULT",PHASE1|PHASE2,13,OTHER,INTERVENTIONAL,Allocation: NA | Intervention Model: SINGLE_GROUP | Masking: NONE | Primary Purpose: TREATMENT,1,0,1,,,
NCT05222555,Safety and Pharmacokinetics Study of a Modified Tafasitamab IV Dosing Regimen Combined With Lenalidomide in R-R DLBCL Patients,https://clinicaltrials.gov/study/NCT05222555,ACTIVE_NOT_RECRUITING,Diffuse Large B Cell Lymphoma,DRUG: Tafasitamab|DRUG: Lenalidomide,Incyte Corporation,None listed,ALL,"ADULT, OLDER_ADULT",PHASE1|PHASE2,53,INDUSTRY,INTERVENTIONAL,Allocation: NA | Intervention Model: SINGLE_GROUP | Masking: NONE | Primary Purpose: TREATMENT,1,1,0,,,
NCT07269626,PULSAR in Systemic Therapy for Pancreatic Cancer,https://clinicaltrials.gov/study/NCT07269626,RECRUITING,Locally Advanced Pancreatic Ductal Adenocarcinoma|Borderline Resectable Pancreatic Ductal Adenocarcinoma|Oligometastatic Pancreatic Ductal Adenocarcinoma,RADIATION: Personalized Ultrafractionated Adaptive Radiotherapy,Samsung Medical Center,None listed,ALL,"ADULT, OLDER_ADULT",PHASE2,47,OTHER,INTERVENTIONAL,Allocation: NA | Intervention Model: SINGLE_GROUP | Masking: NONE | Primary Purpose: TREATMENT,1,1,0,,,
NCT06119789,Precision Cancer Therapy in Rare Cancers,https://clinicaltrials.gov/study/NCT06119789,RECRUITING,Rare Malignant Neoplasm,DRUG: Imatinib|DRUG: Trametinib|DRUG: Dabrafenib,Oslo University Hospital,Helse Stavanger HF|University Hospital of North Norway|StOlavs Hospital|Nordlandssykehuset HF|Helse Nord-Trøndelag HF|Sorlandet Hospital HF|Møre og Romsdal Hospital Trust|The Hospital of Vestfold|Helse Fonna|Haukeland University Hospital|Sykehuset Ostfold|Helse Forde|Sykehuset Innlandet HF,ALL,"CHILD, ADULT, OLDER_ADULT",PHASE2,96,OTHER,INTERVENTIONAL,Allocation: NA | Intervention Model: SINGLE_GROUP | Masking: NONE | Primary Purpose: TREATMENT,1,1,1,,,
NCT04197297,Brain Imaging Biomarkers in Patients With Brain Metastasis,https://clinicaltrials.gov/study/NCT04197297,RECRUITING,"Brain Metastases, Adult",DIAGNOSTIC_TEST: CT and MRI Scans,"University Health Network, Toronto",None listed,ALL,"ADULT, OLDER_ADULT",PHASE2,90,OTHER,INTERVENTIONAL,Allocation: NA | Intervention Model: SINGLE_GROUP | Masking: NONE | Primary Purpose: DIAGNOSTIC,1,1,0,,,
NCT03534713,Induction Chemotherapy Followed by Standard Therapy in Cervical Cancer With Aortic Lymph Node Spread,https://clinicaltrials.gov/study/NCT03534713,RECRUITING,Cervical Cancer TNM Staging Regional Lymph Nodes (N),DRUG: Carboplatin|DRUG: Paclitaxel|DRUG: Cisplatin|RADIATION: Radiotherapy,"University Hospital, Toulouse",Institut Claudius Regaud,FEMALE,"ADULT, OLDER_ADULT",PHASE3,310,OTHER,INTERVENTIONAL,Allocation: RANDOMIZED | Intervention Model: PARALLEL | Masking: NONE | Primary Purpose: TREATMENT,1,1,0,,,
NCT07709013,Leflunomide to Prevent Cytomegalovirus Reactivation in Stem Cell Transplant Patients,https://clinicaltrials.gov/study/NCT07709013,RECRUITING,Hematologic Malignancies,DRUG: Leflunomide 20 mg,Tata Memorial Centre,Indian Council of Medical Research,ALL,"ADULT, OLDER_ADULT",PHASE2,22,OTHER,INTERVENTIONAL,Allocation: NA | Intervention Model: SINGLE_GROUP | Masking: NONE | Primary Purpose: PREVENTION,1,1,0,,,
NCT07677813,Orelabrutinib Combined With Induction Therapy Followed by Sequential Monotherapy Maintenance in MCD Subtype Diffuse Large B-cell Lymphoma,https://clinicaltrials.gov/study/NCT07677813,NOT_YET_RECRUITING,DLBCL - Diffuse Large B Cell Lymphoma,DRUG: R-CHOP+Orelabrutinib|DRUG: POLA-R-CHP+orelabrutinib|DRUG: R-miniCHOP +orelabrutinib|DRUG: Zuberitamab-CHOP+orelabrutinib|DRUG: POLA-Hi-CHP+orelabrutinib|DRUG: Hi-miniCHOP +orelabrutinib|DRUG: RMTO|DRUG: HiMTO|DRUG: Pola-R-miniCHP+O|DRUG: Pola-Hi-miniCHP,"Ou Bai, MD/PHD",None listed,ALL,"ADULT, OLDER_ADULT",PHASE2,66,OTHER,INTERVENTIONAL,Allocation: NA | Intervention Model: SINGLE_GROUP | Masking: NONE | Primary Purpose: TREATMENT,1,1,0,,,
NCT06644313,Vebreltinib for Neoadjuvant in MET-altered Stage IIIA-IIIB (N2) Non-small Cell Lung Cancer (NSCLC),https://clinicaltrials.gov/study/NCT06644313,NOT_YET_RECRUITING,Potentially Resectable MET-altered Non-Small Cell Lung Cancer,DRUG: Vebreltinib,"Shanghai Pulmonary Hospital, Shanghai, China",None listed,ALL,"ADULT, OLDER_ADULT",PHASE2,31,OTHER,INTERVENTIONAL,Allocation: NA | Intervention Model: SINGLE_GROUP | Masking: NONE | Primary Purpose: TREATMENT,1,1,0,,,
NCT07001748,Testing the Addition of Paclitaxel Administered Into the Abdominal Cavity Combined With Chemotherapy for Patients With Gastric Cancer Spread to the Abdominal Cavity,https://clinicaltrials.gov/study/NCT07001748,RECRUITING,Gastric Adenocarcinoma|Gastroesophageal Junction Adenocarcinoma|Peritoneal Carcinomatosis,DRUG: Standard of Care Chemotherapy|PROCEDURE: Biospecimen Collection|PROCEDURE: Computed Tomography|PROCEDURE: Diagnostic Laparoscopy|PROCEDURE: Intraperitoneal Port Placement|PROCEDURE: Magnetic Resonance Imaging|DRUG: Intraperitoneal Paclitaxel,ECOG-ACRIN Cancer Research Group,National Cancer Institute (NCI),ALL,"ADULT, OLDER_ADULT",PHASE2|PHASE3,148,NETWORK,INTERVENTIONAL,Allocation: RANDOMIZED | Intervention Model: PARALLEL | Masking: NONE | Primary Purpose: TREATMENT,1,1,0,,,
NCT01592968,Stereotactic Radiosurgery or Whole Brain Radiation Therapy in Treating Patients With Newly Diagnosed Non-melanoma Brain Metastases,https://clinicaltrials.gov/study/NCT01592968,ACTIVE_NOT_RECRUITING,Metastatic Malignant Neoplasm|Metastatic Malignant Neoplasm in the Brain,OTHER: Cognitive Assessment|OTHER: Quality-of-Life Assessment|RADIATION: Stereotactic Radiosurgery|RADIATION: Whole-Brain Radiotherapy,M.D. Anderson Cancer Center,National Cancer Institute (NCI),ALL,"ADULT, OLDER_ADULT",PHASE3,88,OTHER,INTERVENTIONAL,Allocation: RANDOMIZED | Intervention Model: PARALLEL | Masking: NONE | Primary Purpose: TREATMENT,1,1,0,,,
NCT04949113,Neoadjuvant Ipilimumab Plus Nivolumab Versus Standard Adjuvant Nivolumab in Macroscopic Stage III Melanoma,https://clinicaltrials.gov/study/NCT04949113,ACTIVE_NOT_RECRUITING,Malignant Melanoma Stage III,DRUG: Neoadjuvant ipilimumab + nivolumab|DRUG: Adjuvant nivolumab,The Netherlands Cancer Institute,Bristol-Myers Squibb,ALL,"CHILD, ADULT, OLDER_ADULT",PHASE3,423,OTHER,INTERVENTIONAL,Allocation: RANDOMIZED | Intervention Model: PARALLEL | Masking: NONE | Primary Purpose: TREATMENT,1,1,1,,,
NCT05494060,XELOX Combined With Anlotinib and Penpulimab vs XELOX as Adjuvant Therapy in ctDNA Positive Gastric and Esophagogastric Junction Adenocarcinoma,https://clinicaltrials.gov/study/NCT05494060,RECRUITING,Carcinoma|Gastrointestinal Diseases|Stomach Cancer|Gastroesophageal-junction Cancer|Digestive System Diseases|Gastric Cancer|Gastrointestinal Neoplasms,DRUG: Anlotinib hydrochloride capsule|DRUG: Penpulimab Injection|DRUG: XELOX,The First Affiliated Hospital with Nanjing Medical University,"Chia Tai Tianqing Pharmaceutical Group Co., Ltd.",ALL,"ADULT, OLDER_ADULT",PHASE2,80,OTHER,INTERVENTIONAL,Allocation: RANDOMIZED | Intervention Model: PARALLEL | Masking: NONE | Primary Purpose: TREATMENT,1,1,0,,,
NCT07720180,"Study of Autologous, Metabolically Optimized, CD137+ Tumor-Infiltrating Lymphocytes Followed by Consolidative Oral Cyclophosphamide, Bevacizumab, and Pembrolizumab",https://clinicaltrials.gov/study/NCT07720180,NOT_YET_RECRUITING,Ovarian Cancer,DRUG: Fludarabine|DRUG: Cyclophosphamide,Medical University of South Carolina,None listed,FEMALE,"ADULT, OLDER_ADULT",PHASE2,20,OTHER,INTERVENTIONAL,Allocation: NA | Intervention Model: SINGLE_GROUP | Masking: NONE | Primary Purpose: TREATMENT,1,1,0,,,
NCT06926543,Postoperative Radiotherapy in Breast Cancer- Concurrent or Sequential With Chemotherapy,https://clinicaltrials.gov/study/NCT06926543,RECRUITING,Invasive Breast Cancer|Stage III Breast Cancer|Stage IIB Breast Cancer,DRUG: Chemoradiation|DRUG: Chemoradiation,Dr. Tabassum Wadasadawala,None listed,ALL,"ADULT, OLDER_ADULT",PHASE3,858,OTHER,INTERVENTIONAL,Allocation: RANDOMIZED | Intervention Model: PARALLEL | Masking: NONE | Primary Purpose: TREATMENT,1,1,0,,,
NCT05870917,A Study of VRD-based Regimen Combined With CART-ASCT-CART2 Treatment in Patients With Primary Plasma Cell Leukemia,https://clinicaltrials.gov/study/NCT05870917,ACTIVE_NOT_RECRUITING,Plasma Cell Leukemia,BIOLOGICAL: anti-BCMA CAR-T,"Institute of Hematology & Blood Diseases Hospital, China",None listed,ALL,"ADULT, OLDER_ADULT",PHASE2,20,OTHER,INTERVENTIONAL,Allocation: NA | Intervention Model: SINGLE_GROUP | Masking: NONE | Primary Purpose: TREATMENT,1,1,0,,,
NCT07132918,HEARTS Trial for Thoracic Cancers,https://clinicaltrials.gov/study/NCT07132918,RECRUITING,Non-Small Cell Lung Cancer (Stage III)|Esophageal Cancer Stage I-III|Esophagogastric Cancer Stage I-III|Thymoma and Thymic Carcinoma Stage II-III|Other Cancers in the Thoracic Region,RADIATION: MRgART|RADIATION: LINAC,"University of Wisconsin, Madison","National Heart, Lung, and Blood Institute (NHLBI)",ALL,"ADULT, OLDER_ADULT",PHASE2,60,OTHER,INTERVENTIONAL,Allocation: RANDOMIZED | Intervention Model: PARALLEL | Masking: NONE | Primary Purpose: TREATMENT,1,1,0,,,
NCT04700124,Perioperative Enfortumab Vedotin (EV) Plus Pembrolizumab (MK-3475) Versus Neoadjuvant Chemotherapy for Cisplatin-Eligible Muscle Invasive Bladder Cancer (MIBC) (MK-3475-B15/ KEYNOTE-B15 / EV-304),https://clinicaltrials.gov/study/NCT04700124,ACTIVE_NOT_RECRUITING,Bladder Cancer,BIOLOGICAL: Pembrolizumab|BIOLOGICAL: Enfortumab vedotin (EV)|PROCEDURE: RC + PLND|DRUG: Gemcitabine|DRUG: Cisplatin,Merck Sharp & Dohme LLC,Seagen Inc.|Astellas Pharma Inc,ALL,"ADULT, OLDER_ADULT",PHASE3,808,INDUSTRY,INTERVENTIONAL,Allocation: RANDOMIZED | Intervention Model: PARALLEL | Masking: NONE | Primary Purpose: TREATMENT,1,1,0,,,
NCT07493304,Treatment and Secondary Prevention of Venous Thromboembolism (VTE) in Adult Participants With Solid and Hematologic Cancers,https://clinicaltrials.gov/study/NCT07493304,RECRUITING,Venous Thromboembolism (VTE),DRUG: REGN7508|DRUG: Apixaban,Regeneron Pharmaceuticals,None listed,ALL,"ADULT, OLDER_ADULT",PHASE3,1600,INDUSTRY,INTERVENTIONAL,Allocation: RANDOMIZED | Intervention Model: PARALLEL | Masking: NONE | Primary Purpose: TREATMENT,1,1,0,,,
NCT03390504,A Study of Erdafitinib Compared With Vinflunine or Docetaxel or Pembrolizumab in Participants With Advanced Urothelial Cancer and Selected Fibroblast Growth Factor Receptor (FGFR) Gene Aberrations,https://clinicaltrials.gov/study/NCT03390504,ACTIVE_NOT_RECRUITING,Urothelial Cancer,DRUG: Erdafitinib|DRUG: Vinflunine|DRUG: Docetaxel|DRUG: Pembrolizumab|DEVICE: Fibroblast Growth Factor Receptor inhibitor Clinical Trial Assay (FGFRi CTA),"Janssen Research & Development, LLC",None listed,ALL,"ADULT, OLDER_ADULT",PHASE3,629,INDUSTRY,INTERVENTIONAL,Allocation: RANDOMIZED | Intervention Model: PARALLEL | Masking: NONE | Primary Purpose: TREATMENT,1,1,0,,,
NCT04246684,"Short RT Versus RCT,Followed by Chemo and Organ Preservation for Interm and High-risk Rectal Cancer Patients",https://clinicaltrials.gov/study/NCT04246684,ACTIVE_NOT_RECRUITING,Rectal Cancer Stage III,"DRUG: Oxaliplatin, 85 mg/m2|DRUG: 5FU; 2400 mg/m2|DRUG: 5FU, 250 mg/m2|DRUG: 5FU, 2400 mg/m2|DRUG: Oxaliplatin 50 mg/m2|DRUG: Folinic Acid, 400 mg/m2|RADIATION: Radiotherapy control, 5x5 Gy: 25 Gy|DRUG: Capecitabine, 1000 mg/m2|DRUG: Oxaliplatin 85 mg/m2|RADIATION: radiotherapy experimental, 30 x 1,8 Gy: 54 Gy|DRUG: Capecitabine, 825 mg/m2|DRUG: Oxaliplatin, 130 mg/m2",Prof. Dr. med. Claus Rödel,None listed,ALL,"ADULT, OLDER_ADULT",PHASE3,702,OTHER,INTERVENTIONAL,Allocation: RANDOMIZED | Intervention Model: PARALLEL | Masking: SINGLE (INVESTIGATOR) | Primary Purpose: TREATMENT,1,1,0,,,
NCT07216404,Psilocybin-Assisted Therapy for the Treatment of Major Depressive Disorder in Patients With Non-Small Cell Lung Cancer,https://clinicaltrials.gov/study/NCT07216404,RECRUITING,Lung Non-Small Cell Carcinoma|Unipolar Depression,PROCEDURE: Biospecimen Collection|OTHER: Counseling|OTHER: Interview|DRUG: Psilocybin|OTHER: Survey Administration,Alan Davis,None listed,ALL,"ADULT, OLDER_ADULT",PHASE2,10,OTHER,INTERVENTIONAL,Allocation: NA | Intervention Model: SINGLE_GROUP | Masking: NONE | Primary Purpose: SUPPORTIVE_CARE,1,1,0,,,
NCT04166006,A Phase II Study on Adjuvant Vaccination with Dendritic Cells Loaded with Autologous Tumor Homogenate in Resected Stage IV Rare Cancers.,https://clinicaltrials.gov/study/NCT04166006,RECRUITING,Head Neck Tumors|Neuroendocrine Tumors|Soft Tissue Sarcoma|Rare Cancer|Vaccination,BIOLOGICAL: Autologous DC vaccine|DRUG: Interleukin-2,Istituto Romagnolo per lo Studio dei Tumori Dino Amadori IRST S.r.l. IRCCS,None listed,ALL,"ADULT, OLDER_ADULT",PHASE2,51,OTHER,INTERVENTIONAL,Allocation: NA | Intervention Model: SINGLE_GROUP | Masking: NONE | Primary Purpose: TREATMENT,1,1,0,,,
NCT06339216,A Clinical Study of Adebrelimab Combined With Apatinib and Paclitaxel in Patients With Advanced Gastric Cancer.,https://clinicaltrials.gov/study/NCT06339216,NOT_YET_RECRUITING,Gastric Cancer,DRUG: Adebrelimab+Apatinib+Paclitaxel for Injection(Albumin Bound),Chinese PLA General Hospital,None listed,ALL,"ADULT, OLDER_ADULT",PHASE2,30,OTHER,INTERVENTIONAL,Allocation: NA | Intervention Model: SINGLE_GROUP | Masking: NONE | Primary Purpose: TREATMENT,1,1,0,,,
NCT05269316,Study to Evaluate IMP9064 as a Monotherapy or in Combination in Patients With Advanced Solid Tumors,https://clinicaltrials.gov/study/NCT05269316,RECRUITING,Solid Tumor|Advanced Solid Tumor,DRUG: IMP9064,"Impact Therapeutics, Inc.",None listed,ALL,"ADULT, OLDER_ADULT",PHASE1|PHASE2,61,INDUSTRY,INTERVENTIONAL,Allocation: NA | Intervention Model: SEQUENTIAL | Masking: NONE | Primary Purpose: TREATMENT,1,1,0,,,
NCT03729804,"Carfilzomib, Lenalidomide, and Dexamethasone Versus Bortezomib, Lenalidomide and Dexamethasone (KRd vs. VRd) in Patients With Newly Diagnosed Multiple Myeloma (COBRA)",https://clinicaltrials.gov/study/NCT03729804,ACTIVE_NOT_RECRUITING,Multiple Myeloma,DRUG: Carfilzomib|DRUG: Lenalidomide|DRUG: Dexamethasone|DRUG: Bortezomib,University of Chicago,None listed,ALL,"ADULT, OLDER_ADULT",PHASE3,250,OTHER,INTERVENTIONAL,Allocation: RANDOMIZED | Intervention Model: PARALLEL | Masking: NONE | Primary Purpose: TREATMENT,1,1,0,,,
NCT07628504,Sac-TMT Sequential Capecitabine Versus Capecitabine in Early-Stage High-Risk Triple-Negative Breast Cancer Without BRCA Mutations,https://clinicaltrials.gov/study/NCT07628504,NOT_YET_RECRUITING,Adjuvant Drug Therapy,DRUG: Sacituzumab Tirumotecan (sac-TMT)|DRUG: Capecitabine,Fudan University,None listed,FEMALE,"ADULT, OLDER_ADULT",PHASE3,420,OTHER,INTERVENTIONAL,Allocation: RANDOMIZED | Intervention Model: PARALLEL | Masking: NONE | Primary Purpose: TREATMENT,1,1,0,,,
NCT03333616,Nivolumab Combined With Ipilimumab for Patients With Advanced Rare Genitourinary Tumors,https://clinicaltrials.gov/study/NCT03333616,ACTIVE_NOT_RECRUITING,Genitourinary Cancer|Adrenocortical Carcinoma|Non-urothelial Bladder|Non-urothelial Upper Tract|Penile Cancer|Non-adenocarcinoma Prostate Cancer|Refractory Germ-cell|High Grade Neuroendocrine Carcinoma/Small Cell Carcinoma,DRUG: Ipilimumab|DRUG: Nivolumab,Dana-Farber Cancer Institute,Bristol-Myers Squibb,ALL,"ADULT, OLDER_ADULT",PHASE2,100,OTHER,INTERVENTIONAL,Allocation: NA | Intervention Model: SINGLE_GROUP | Masking: NONE | Primary Purpose: TREATMENT,1,1,0,,,
NCT05201248,A Study to Evaluate Adverse Events and Change in Disease Activity of Subcutaneous (SC) Epcoritamab As Monotherapy or Combined With Standard of Care Therapies in Adult Participants in China With B-Cell Non-Hodgkin Lymphoma,https://clinicaltrials.gov/study/NCT05201248,ACTIVE_NOT_RECRUITING,B-Cell Non-Hodgkin Lymphoma,DRUG: Epcoritamab|DRUG: Cyclophosphamide|DRUG: Rituximab|DRUG: Doxorubicin|DRUG: Vincristine|DRUG: Prednisone|DRUG: Lenalidomide,Genmab,AbbVie,ALL,"ADULT, OLDER_ADULT",PHASE1|PHASE2,49,INDUSTRY,INTERVENTIONAL,Allocation: NON_RANDOMIZED | Intervention Model: SEQUENTIAL | Masking: NONE | Primary Purpose: TREATMENT,1,1,0,,,
NCT04685135,Phase 3 Study of MRTX849 (Adagrasib) vs Docetaxel in Patients With Advanced Non-Small Cell Lung Cancer With KRAS G12C Mutation,https://clinicaltrials.gov/study/NCT04685135,ACTIVE_NOT_RECRUITING,Metastatic Non Small Cell Lung Cancer|Advanced Non Small Cell Lung Cancer,DRUG: MRTX849|DRUG: Docetaxel,Mirati Therapeutics Inc.,None listed,ALL,"ADULT, OLDER_ADULT",PHASE3,453,INDUSTRY,INTERVENTIONAL,Allocation: RANDOMIZED | Intervention Model: PARALLEL | Masking: NONE | Primary Purpose: TREATMENT,1,1,0,,,
NCT06706713,Study of BEBT-109 in Subjects With EGFR Exon 20 Insertion Mutations Non-Small Cell Lung Cancer,https://clinicaltrials.gov/study/NCT06706713,RECRUITING,Non-Small Cell Lung Cancer|EGFR Exon 20 Insertion Mutation,DRUG: BEBT-109 Capsule,BeBetter Med Inc,None listed,ALL,"ADULT, OLDER_ADULT",PHASE2,200,INDUSTRY,INTERVENTIONAL,Allocation: NA | Intervention Model: SINGLE_GROUP | Masking: NONE | Primary Purpose: TREATMENT,1,1,0,,,
NCT05662020,A Study to Evaluate the Immunogenicity and Safety of HPV Vaccine in Healthy Female Participants Aged 9-26 Years in China,https://clinicaltrials.gov/study/NCT05662020,ACTIVE_NOT_RECRUITING,Human Papillomavirus Infection,BIOLOGICAL: Recombinant Nonavalent (types 6/11/16/18/31/33/45/52/58) Human Papillomavirus (HPV) Vaccine (Escherichia coli)|BIOLOGICAL: GARDASIL® 9,"Beijing Health Guard Biotechnology, Inc","Yunnan Center for Disease Control and Prevention|Mile City Center for Disease Control and Prevention|Qiubei County Center for Disease Control and Prevention|Yanshan County Center for Disease Control and Prevention|National Institutes for Food and Drug Control, China|Shanghai Stem Pharmaceutical Development Co., Ltd.",FEMALE,"CHILD, ADULT",PHASE3,2750,INDUSTRY,INTERVENTIONAL,"Allocation: RANDOMIZED | Intervention Model: PARALLEL | Masking: DOUBLE (PARTICIPANT, INVESTIGATOR) | Primary Purpose: PREVENTION",1,0,1,,,
NCT07340489,Serplulimab for Locally Advanced Cervical Cancer,https://clinicaltrials.gov/study/NCT07340489,RECRUITING,Cervical Cancer,DRUG: Serplulimab|RADIATION: radiotherapy|DRUG: Chemotherapy,Tianjin Medical University Cancer Institute and Hospital,None listed,FEMALE,"ADULT, OLDER_ADULT",PHASE2,216,OTHER,INTERVENTIONAL,Allocation: RANDOMIZED | Intervention Model: PARALLEL | Masking: NONE | Primary Purpose: TREATMENT,1,1,0,,,
NCT07209189,Neoadjuvant Chemotherapy and Programmed Cell Death Protein 1(PD-1) Inhibition for Head and Neck Cancer Treatment De-escalation (NeoScorch HN),https://clinicaltrials.gov/study/NCT07209189,RECRUITING,Head and Neck Cancer|Squamous Cell Carcinoma|Oral Cavity Cancer|Oropharyngeal Cancer|Laryngeal Cancer|Sinonasal Squamous Cell Carcinoma|HPV (Human Papillomavirus)-Associated Carcinoma|Skull Base Tumors|HPV 16 Positive Oropharyngeal Tumors (OPC),DRUG: Toripalimab + Chemotherapy|DRUG: Toripalimab|RADIATION: Chemoradiotherapy or radiation,Sidney Kimmel Comprehensive Cancer Center at Johns Hopkins,"Coherus Oncology, Inc.",ALL,"ADULT, OLDER_ADULT",PHASE2,75,OTHER,INTERVENTIONAL,Allocation: NON_RANDOMIZED | Intervention Model: PARALLEL | Masking: NONE | Primary Purpose: TREATMENT,1,1,0,,,
NCT05846789,SOC Chemotherapy +/- Tocilizumab for Triple Negative and ER-low Breast Cancers,https://clinicaltrials.gov/study/NCT05846789,RECRUITING,Metastatic Breast Cancer|Triple Negative Breast Cancer|Estrogen-receptor-low Breast Cancer,DRUG: SOC Chemotherapy|DRUG: Tocilizumab,Kathy Miller,"Genentech, Inc.|Breast Cancer Research Foundation|Susan G. Komen Breast Cancer Foundation",ALL,"ADULT, OLDER_ADULT",PHASE2,168,OTHER,INTERVENTIONAL,Allocation: RANDOMIZED | Intervention Model: PARALLEL | Masking: NONE | Primary Purpose: TREATMENT,1,1,0,,,
NCT07636824,Efficacy and Safety of Postoperative Concurrent Chemoradiotherapy for Extrahepatic Cholangiocarcinoma and Gallbladder Carcinoma: A Multicenter Prospective Phase II Study,https://clinicaltrials.gov/study/NCT07636824,RECRUITING,Extrahepatic Cholangiocarcinoma and Gallbladder Carcinoma,RADIATION: Postoperative radiotherapy|DRUG: Capecitabine or S-1,"Cancer Institute and Hospital, Chinese Academy of Medical Sciences",None listed,ALL,"ADULT, OLDER_ADULT",PHASE2,92,OTHER,INTERVENTIONAL,Allocation: NA | Intervention Model: SINGLE_GROUP | Masking: NONE | Primary Purpose: TREATMENT,1,1,0,,,
NCT07014150,Neoadjuvant Therapy of Iparomlimab and Tuvonralimab Combined With Lenvatinib for Hepatocellular Carcinoma,https://clinicaltrials.gov/study/NCT07014150,RECRUITING,Hepatocellular Carcinoma Resectable,DRUG: Lenvatinib|DRUG: Iparomlimab and Tuvonralimab,Peking Union Medical College Hospital,None listed,ALL,"ADULT, OLDER_ADULT",PHASE2,33,OTHER,INTERVENTIONAL,Allocation: NA | Intervention Model: SINGLE_GROUP | Masking: NONE | Primary Purpose: TREATMENT,1,1,0,,,
NCT06692491,Study of Precision Treatment for Rare Tumours in China Guided by PDO and NGS,https://clinicaltrials.gov/study/NCT06692491,NOT_YET_RECRUITING,Rare Tumour,DRUG: Albumin-Bound Paclitaxel|DRUG: Epirubicin|DRUG: Gemcitabine|DRUG: Vinorelbine|DRUG: Cisplatin|DRUG: Irinotecan|DRUG: Fluorouracil|DRUG: Nivolumab|DRUG: Pembrolizumab|DRUG: Durvalumab|DRUG: Atezolizumab|DRUG: Sintilimab|DRUG: Tislelizumab|DRUG: Camrelizumab|DRUG: Toripalimab|DRUG: Serplulimab|DRUG: Adebrelimab|DRUG: Envafolimab|DRUG: Osimertinib|DRUG: Alectinib|DRUG: Vemurafenib|DRUG: Pamiparib|DRUG: Pyrotinib|DRUG: Imatinib|DRUG: Palbociclib|DRUG: Savolitinib|DRUG: Entrectinib|DRUG: Other,Peking University Shenzhen Hospital,None listed,ALL,"ADULT, OLDER_ADULT",PHASE2,200,OTHER,INTERVENTIONAL,Allocation: NON_RANDOMIZED | Intervention Model: PARALLEL | Masking: NONE | Primary Purpose: TREATMENT,1,1,0,,,
NCT07669779,A Phase II Study of AK146D1 in Combination With AK112 in Advanced Non-Small Cell Lung Cancer,https://clinicaltrials.gov/study/NCT07669779,RECRUITING,Advanced Non Small Cell Lung Cancer (NSCLC),DRUG: AK146D1 for injection|DRUG: AK112 Injection|DRUG: Platinum chemotherapy|DRUG: Osimertinib,Akeso,None listed,ALL,"ADULT, OLDER_ADULT",PHASE2,348,INDUSTRY,INTERVENTIONAL,Allocation: NON_RANDOMIZED | Intervention Model: PARALLEL | Masking: NONE | Primary Purpose: TREATMENT,1,1,0,,,
NCT05118776,Study to Evaluate the Safety and Efficacy of ASC40 Tablets in Combination With Bevacizumab in Subjects With rGBM,https://clinicaltrials.gov/study/NCT05118776,ACTIVE_NOT_RECRUITING,Recurrent Glioblastoma,DRUG: ASC40 tablets|DRUG: Placebo tablets|DRUG: Bevacizumab,"Ascletis Pharmaceuticals Co., Ltd.",None listed,ALL,"ADULT, OLDER_ADULT",PHASE3,136,INDUSTRY,INTERVENTIONAL,"Allocation: RANDOMIZED | Intervention Model: PARALLEL | Masking: QUADRUPLE (PARTICIPANT, CARE_PROVIDER, INVESTIGATOR, OUTCOMES_ASSESSOR) | Primary Purpose: TREATMENT",1,1,0,,,
NCT05112991,Study of Envafolimab Alone or With Lenvatinib in Patients With Advanced Endometrial Cancer,https://clinicaltrials.gov/study/NCT05112991,RECRUITING,Advanced Endometrial Cancer,DRUG: Envafolimab+Lenvatinib|DRUG: Envafolimab,"3D Medicines (Sichuan) Co., Ltd.",None listed,FEMALE,"ADULT, OLDER_ADULT",PHASE2,108,INDUSTRY,INTERVENTIONAL,Allocation: NON_RANDOMIZED | Intervention Model: FACTORIAL | Masking: NONE | Primary Purpose: TREATMENT,1,1,0,,,
NCT06539182,DZD8586 in Patients With Relapsed or Refractory CLL/SLL (TAI-SHAN8),https://clinicaltrials.gov/study/NCT06539182,RECRUITING,Chronic Lymphocytic Leukemia/Small Lymphocytic Lymphoma,DRUG: DZD8586|DRUG: DZD8586|DRUG: DZD8586,Dizal Pharmaceuticals,None listed,ALL,"ADULT, OLDER_ADULT",PHASE2,155,INDUSTRY,INTERVENTIONAL,Allocation: RANDOMIZED | Intervention Model: SEQUENTIAL | Masking: NONE | Primary Purpose: TREATMENT,1,1,0,,,
NCT05496959,"177-Lutetium-PSMA Before Stereotactic Body Radiotherapy for the Treatment of Oligorecurrent Prostate Cancer, The LUNAR Study",https://clinicaltrials.gov/study/NCT05496959,ACTIVE_NOT_RECRUITING,Oligometastatic Prostate Carcinoma|Prostate Adenocarcinoma|Recurrent Prostate Adenocarcinoma|Stage IVB Prostate Cancer AJCC v8,DRUG: Lutetium Lu-177 PNT2002|OTHER: Quality-of-Life Assessment|RADIATION: Stereotactic Body Radiation Therapy,Jonsson Comprehensive Cancer Center,Eli Lilly and Company,ALL,"ADULT, OLDER_ADULT",PHASE2,93,OTHER,INTERVENTIONAL,Allocation: RANDOMIZED | Intervention Model: PARALLEL | Masking: NONE | Primary Purpose: TREATMENT,1,1,0,,,
NCT03786796,Study of Olaparib in Metastatic Renal Cell Carcinoma Patients With DNA Repair Gene Mutations,https://clinicaltrials.gov/study/NCT03786796,RECRUITING,Renal Cell Carcinoma|Metastatic Renal Cell Carcinoma|Kidney Cancer|Renal Carcinoma|Kidney Cancer Metastatic,DRUG: Olaparib,Sidney Kimmel Comprehensive Cancer Center at Johns Hopkins,AstraZeneca,ALL,"ADULT, OLDER_ADULT",PHASE2,20,OTHER,INTERVENTIONAL,Allocation: NA | Intervention Model: SINGLE_GROUP | Masking: NONE | Primary Purpose: TREATMENT,1,1,0,,,
NCT07063888,A Prospective Phase II Study of Postoperative Concurrent Chemoradiotherapy in Patients With Intrahepatic Cholangiocarcinoma,https://clinicaltrials.gov/study/NCT07063888,RECRUITING,Intrahepatic Cholangiocarcinoma (Icc)|Adjuvant Chemoradiotherapy|Narrow Margin|Lymph Node Involvement,RADIATION: Adjuvant Concurrent Chemoradiotherapy with Simultaneous Integrated Boost,"Cancer Institute and Hospital, Chinese Academy of Medical Sciences",None listed,ALL,"ADULT, OLDER_ADULT",PHASE2,66,OTHER,INTERVENTIONAL,Allocation: NA | Intervention Model: SINGLE_GROUP | Masking: NONE | Primary Purpose: TREATMENT,1,1,0,,,
NCT05732103,A Study of CTX-712 in Relapsed/Refractory Acute Myeloid Leukemia and Higher Risk Myelodysplastic Syndromes,https://clinicaltrials.gov/study/NCT05732103,RECRUITING,Acute Myeloid Leukemia|Myelodysplastic Syndromes,DRUG: CTX-712,"Chordia Therapeutics, Inc.",Theradex,ALL,"ADULT, OLDER_ADULT",PHASE1|PHASE2,225,INDUSTRY,INTERVENTIONAL,Allocation: NON_RANDOMIZED | Intervention Model: SEQUENTIAL | Masking: NONE | Primary Purpose: TREATMENT,1,1,0,,,
NCT07204548,The IVO-LUNG Study,https://clinicaltrials.gov/study/NCT07204548,NOT_YET_RECRUITING,Non Small Cell Lung Cancer (Stage III),DRUG: Ivonescimab,Sun Yat-sen University,None listed,ALL,"ADULT, OLDER_ADULT",PHASE2,63,OTHER,INTERVENTIONAL,Allocation: NA | Intervention Model: SINGLE_GROUP | Masking: NONE | Primary Purpose: TREATMENT,1,1,0,,,
NCT06869226,A Multicenter Phase II Clinical Study of Neoadjuvant Use of Camrelizumab in Combination With Chemotherapy for Organ Preservation in Esophageal Cancer,https://clinicaltrials.gov/study/NCT06869226,RECRUITING,Esophageal Cancer,DRUG: Camrelizumab + Nab-paclitaxel + Cisplatin,Peking University Cancer Hospital & Institute,None listed,ALL,"ADULT, OLDER_ADULT",PHASE2,283,OTHER,INTERVENTIONAL,Allocation: NA | Intervention Model: SINGLE_GROUP | Masking: NONE | Primary Purpose: TREATMENT,1,1,0,,,
NCT07708285,Luvometinib in Combination With Serplulimab for NF2-Related Tumors,https://clinicaltrials.gov/study/NCT07708285,NOT_YET_RECRUITING,NF2-related Schwannomatosis|NF2|Neurofibromatosis Type 2|Vestibular Schwannoma|Meningioma,DRUG: Luvometinib|DRUG: Serplulimab,Beijing Tiantan Hospital,None listed,ALL,"ADULT, OLDER_ADULT",PHASE1|PHASE2,30,OTHER,INTERVENTIONAL,Allocation: NA | Intervention Model: SINGLE_GROUP | Masking: NONE | Primary Purpose: TREATMENT,1,1,0,,,
NCT05550415,The Role of Simvastatin in the Epithelial-Mesenchymal Transition Process of Breast Cancer,https://clinicaltrials.gov/study/NCT05550415,RECRUITING,Triple Negative Breast Cancer|Chemotherapy Effect|Simvastatin Adverse Reaction,DRUG: Simvastatin 40mg|DRUG: Placebo,Indonesia University,None listed,FEMALE,"ADULT, OLDER_ADULT",PHASE2,26,OTHER,INTERVENTIONAL,"Allocation: RANDOMIZED | Intervention Model: PARALLEL | Masking: QUADRUPLE (PARTICIPANT, CARE_PROVIDER, INVESTIGATOR, OUTCOMES_ASSESSOR) | Primary Purpose: TREATMENT",1,1,0,,,
NCT06520176,Comparison Study of EAP and CG Regimens for Mobilizing Hematopoietic Stem Cells in Multiple Myeloma Patients,https://clinicaltrials.gov/study/NCT06520176,RECRUITING,Multiple Myeloma|Hematopoietic Stem Cell Mobilization,DRUG: Etoposide|DRUG: Cytarabine|DRUG: Pegfilgrastim|DRUG: Cyclophosphamide|DRUG: G-CSF|DRUG: G-CSF,The Affiliated People's Hospital of Ningbo University,First Affiliated Hospital of Zhejiang University|First Affiliated Hospital of Wenzhou Medical University|Taizhou Hospital of Zhejiang Province affiliated to Wenzhou Medical University|The Central Hospital of Lishui City|Jinhua People's Hospital|Shaoxing People's Hospital|Shaoxing Second Hospital|Zhejiang Provincial Tongde Hospital|Taizhou Hospital|Dongyang People's Hospital|Affiliated Hospital of Jiaxing University|Huizhou Municipal Central Hospital|Second Affiliated Hospital of Wenzhou Medical University|Ningbo Medical Center Lihuili Hospital|Jinhua Municipal Central Hospital,ALL,"ADULT, OLDER_ADULT",PHASE3,99,OTHER_GOV,INTERVENTIONAL,Allocation: RANDOMIZED | Intervention Model: PARALLEL | Masking: NONE | Primary Purpose: TREATMENT,1,1,0,,,
NCT07379476,Local Ablative Therapy to Oligoresidual Metastasis in EGFR Mutated Non-small Cell Lung Cancer,https://clinicaltrials.gov/study/NCT07379476,RECRUITING,Lung Cancer (NSCLC),RADIATION: Local ablative therapy|DRUG: Osimertinib alone,Chinese University of Hong Kong,None listed,ALL,"ADULT, OLDER_ADULT",PHASE2,64,OTHER,INTERVENTIONAL,Allocation: RANDOMIZED | Intervention Model: PARALLEL | Masking: NONE | Primary Purpose: TREATMENT,1,1,0,,,
NCT02523040,Lenalidomide for Adult Histiocyte Disorders,https://clinicaltrials.gov/study/NCT02523040,ACTIVE_NOT_RECRUITING,Langerhans Cell Histiocytosis (LCH)|Histiocytoses Erdheim-chester Disease|Histiocytic Sarcoma (HS),DRUG: Lenalidomide,Dana-Farber Cancer Institute,Celgene,ALL,"ADULT, OLDER_ADULT",PHASE2,12,OTHER,INTERVENTIONAL,Allocation: NA | Intervention Model: SINGLE_GROUP | Masking: NONE | Primary Purpose: TREATMENT,1,1,0,,,
NCT07467590,Combination of High and Low-Dose Radiotherapy With Immune Therapy and TKI in Advanced Colorectal Cancer: A Phase II Study,https://clinicaltrials.gov/study/NCT07467590,NOT_YET_RECRUITING,Refractory Colorectal Cancer|Radiotherapy-Induced Immune Priming|Immune Response,RADIATION: High- and Low-Dose Radiotherapy|DRUG: Anti-Angiogenic TKI and Anti-PD-1 Therapy,Daping Hospital and the Research Institute of Surgery of the Third Military Medical University,None listed,ALL,"ADULT, OLDER_ADULT",PHASE2,33,OTHER,INTERVENTIONAL,Allocation: NA | Intervention Model: SINGLE_GROUP | Masking: NONE | Primary Purpose: TREATMENT,1,1,0,,,
NCT06597513,Auto-HSCT-Supported Dose-Dense Chemotherapy with Adebrelimab As First-Line Treatment for ES-SCLC,https://clinicaltrials.gov/study/NCT06597513,NOT_YET_RECRUITING,Extensive Stage Small Cell Lung Cancer,DRUG: auto-HSCT-Supported Dose-Dense Chemotherapy With Adebrelimab,Zhou Chengzhi,None listed,ALL,"ADULT, OLDER_ADULT",PHASE1|PHASE2,10,OTHER,INTERVENTIONAL,Allocation: NA | Intervention Model: SINGLE_GROUP | Masking: NONE | Primary Purpose: TREATMENT,1,1,0,,,
NCT06530524,Pretreatment Botulinum Toxin in Head and Neck Cancer Surgery,https://clinicaltrials.gov/study/NCT06530524,NOT_YET_RECRUITING,Head Neck Cancer|Xerostomia Following Radiotherapy,DRUG: OnabotulinumtoxinA|DRUG: Placebo,Sir Mortimer B. Davis - Jewish General Hospital,Lady Davis Institute|McGill University Health Centre/Research Institute of the McGill University Health Centre,ALL,"ADULT, OLDER_ADULT",PHASE2,50,OTHER,INTERVENTIONAL,"Allocation: RANDOMIZED | Intervention Model: PARALLEL | Masking: QUADRUPLE (PARTICIPANT, CARE_PROVIDER, INVESTIGATOR, OUTCOMES_ASSESSOR) | Primary Purpose: PREVENTION",1,1,0,,,
NCT05807880,"Anlotinib, Penpulimab and Capecitabine in Recurrent/Metastatic Nasopharyngeal Carcinoma",https://clinicaltrials.gov/study/NCT05807880,ACTIVE_NOT_RECRUITING,Nasopharyngeal Neoplasms,"DRUG: The combination treatment of anlotinib, penpulimab and capecitabine.",Sun Yat-sen University,"Chia Tai Tianqing Pharmaceutical Group Co., Ltd.",ALL,"ADULT, OLDER_ADULT",PHASE2,59,OTHER,INTERVENTIONAL,Allocation: NA | Intervention Model: SINGLE_GROUP | Masking: NONE | Primary Purpose: TREATMENT,1,1,0,,,
NCT06805396,Timely Integration of Palliative Care in Oncology Care for Patients Referred for Palliative Radiotherapy on Bone Metastases: A Randomized Trial,https://clinicaltrials.gov/study/NCT06805396,RECRUITING,Bone Metastases in Subjects With Advanced Cancer|Radiotherapy,BEHAVIORAL: Palliative Care Consult,Roxanne Gal,Leiden University Medical Center|Radboud University Medical Center|Groene Hart Ziekenhuis|Alrijne Ziekenhuis Leiderdorp|Meander Medical Center,ALL,"CHILD, ADULT, OLDER_ADULT",PHASE2,246,OTHER,INTERVENTIONAL,Allocation: RANDOMIZED | Intervention Model: PARALLEL | Masking: NONE | Primary Purpose: SUPPORTIVE_CARE,1,1,1,,,
NCT07569679,Alternating HAIC and Systemic Chemotherapy With or Without Adebrelimab and Apatinib for Unresectable Biliary Tract Cancer,https://clinicaltrials.gov/study/NCT07569679,RECRUITING,Biliary Tract Cancer,PROCEDURE: HAIC|DRUG: Gemcitabine plus Cisplatin|DRUG: Adebrelimab|DRUG: Apatinib,"Air Force Military Medical University, China",None listed,ALL,"ADULT, OLDER_ADULT",PHASE2,124,OTHER,INTERVENTIONAL,"Allocation: NON_RANDOMIZED | Intervention Model: PARALLEL | Masking: DOUBLE (PARTICIPANT, OUTCOMES_ASSESSOR) | Primary Purpose: TREATMENT",1,1,0,,,
NCT05169970,A Study of Stereotactic Body Radiation Therapy (SBRT) Without Androgen Deprivation Therapy (ADT) in People With Unfavorable Intermediate-Risk Prostate Cancer,https://clinicaltrials.gov/study/NCT05169970,ACTIVE_NOT_RECRUITING,Prostate Cancer,RADIATION: Stereotactic Body Radiation Therapy (SBRT)|RADIATION: Stereotactic Body Radiation Therapy (SBRT),Memorial Sloan Kettering Cancer Center,None listed,MALE,"ADULT, OLDER_ADULT",PHASE2,222,OTHER,INTERVENTIONAL,Allocation: NON_RANDOMIZED | Intervention Model: PARALLEL | Masking: NONE | Primary Purpose: TREATMENT,1,1,0,,,
NCT07264569,"Evaluate the Safety, Tolerability, Biodistribution Characteristics and Preliminary Efficacy of BioTTT001",https://clinicaltrials.gov/study/NCT07264569,RECRUITING,Meningeal Metastasis,BIOLOGICAL: BioTTT001 injection,Henan Cancer Hospital,None listed,ALL,"ADULT, OLDER_ADULT",PHASE1|PHASE2,42,OTHER_GOV,INTERVENTIONAL,Allocation: NA | Intervention Model: SINGLE_GROUP | Masking: NONE | Primary Purpose: TREATMENT,1,1,0,,,
NCT04628494,A Phase 3 Trial of Epcoritamab vs Investigator's Choice Chemotherapy in Relapsed/Refractory (R/R) Diffuse Large B-cell Lymphoma (DLBCL),https://clinicaltrials.gov/study/NCT04628494,ACTIVE_NOT_RECRUITING,Diffuse Large B-cell Lymphoma,BIOLOGICAL: Epcoritamab|DRUG: Investigator's Choice Chemotherapy,Genmab,AbbVie,ALL,"ADULT, OLDER_ADULT",PHASE3,483,INDUSTRY,INTERVENTIONAL,Allocation: RANDOMIZED | Intervention Model: PARALLEL | Masking: NONE | Primary Purpose: TREATMENT,1,1,0,,,
NCT06744920,"A Study to Investigate the Efficacy, Safety and Tolerability of Remibrutinib Versus Placebo in Adult Patients With Generalized Myasthenia Gravis",https://clinicaltrials.gov/study/NCT06744920,RECRUITING,Generalized Myasthenia Gravis,DRUG: Remibrutinib (Blinded)|OTHER: Placebo|DRUG: Remibrutinib (Open Label),Novartis Pharmaceuticals,None listed,ALL,"ADULT, OLDER_ADULT",PHASE3,180,INDUSTRY,INTERVENTIONAL,"Allocation: RANDOMIZED | Intervention Model: PARALLEL | Masking: DOUBLE (PARTICIPANT, INVESTIGATOR) | Primary Purpose: TREATMENT",1,1,0,,,
NCT07673627,"ADAPT Forward 2 - ISA2 - a Study to Evaluate the Safety, Tolerability and Efficacy of Empasiprubart IV Monotherapy in Participants With AChR-Ab Seropositive Generalized Myasthenia Gravis",https://clinicaltrials.gov/study/NCT07673627,RECRUITING,AChR-Ab Seropositive Generalized Myasthenia Gravis|Myasthenia Gravis (MG)|MG - Myasthenia Gravis|gMG,BIOLOGICAL: Empasiprubart IV|OTHER: Placebo IV|COMBINATION_PRODUCT: Efgartigimod PH20 SC PFS,argenx,None listed,ALL,"ADULT, OLDER_ADULT",PHASE2,40,INDUSTRY,INTERVENTIONAL,"Allocation: RANDOMIZED | Intervention Model: PARALLEL | Masking: QUADRUPLE (PARTICIPANT, CARE_PROVIDER, INVESTIGATOR, OUTCOMES_ASSESSOR) | Primary Purpose: TREATMENT",1,1,0,,,
NCT06451861,"Randomized Study of ABC-14 Regimen Compared With ""3+7"" Standard Induction Therapy or AB-14 for ND AML",https://clinicaltrials.gov/study/NCT06451861,RECRUITING,Acute Myeloid Leukemia,DRUG: Chidamide|DRUG: Venetoclax|DRUG: azacitidine|DRUG: Anthracyclines or anthraquinones|DRUG: cytarabine,Guangdong Provincial People's Hospital,None listed,ALL,"ADULT, OLDER_ADULT",PHASE2,240,OTHER,INTERVENTIONAL,Allocation: RANDOMIZED | Intervention Model: PARALLEL | Masking: NONE | Primary Purpose: TREATMENT,1,1,0,,,
NCT05239741,Study of Pembrolizumab (MK-3475) Versus Chemotherapy in Chinese Participants With Stage IV Colorectal Cancer (MK-3475-C66),https://clinicaltrials.gov/study/NCT05239741,ACTIVE_NOT_RECRUITING,Colorectal Neoplasms,BIOLOGICAL: Pembrolizumab|DRUG: Oxaliplatin|DRUG: Leucovorin|DRUG: 5-fluorouracil|DRUG: Irinotecan|BIOLOGICAL: Bevacizumab|BIOLOGICAL: Cetuximab,Merck Sharp & Dohme LLC,None listed,ALL,"ADULT, OLDER_ADULT",PHASE3,100,INDUSTRY,INTERVENTIONAL,Allocation: RANDOMIZED | Intervention Model: PARALLEL | Masking: NONE | Primary Purpose: TREATMENT,1,1,0,,,
NCT06498154,Eliminating Breast Surgery for Breast Cancer Patients With Clinical Complete Response to Neoadjuvant Systemic Therapy,https://clinicaltrials.gov/study/NCT06498154,RECRUITING,Breast Cancer,RADIATION: Neoadjuvant Chemotherapy combined with Neoadjuvant Radiotherapy,Tianjin Medical University Cancer Institute and Hospital,The First Affiliated Hospital of Zhengzhou University|The First Affiliated Hospital of Hainan Medical University|Shandong Cancer Hospital and Institute|First Affiliated Hospital of Kunming Medical University|Chongqing University Cancer Hospital|Tangshan People's Hospital|Taizhou Hospital,FEMALE,"ADULT, OLDER_ADULT",PHASE2,200,OTHER,INTERVENTIONAL,Allocation: NA | Intervention Model: SINGLE_GROUP | Masking: NONE | Primary Purpose: TREATMENT,1,1,0,,,
NCT07680205,An Experimental Study of Belzutifan Impact on Catecholamine Metabolism,https://clinicaltrials.gov/study/NCT07680205,RECRUITING,"Pheochromocytoma and Paraganglioma (PPGL)|Pheochromocytoma Malignant|Pheochromocytoma, Metastatic|Pheochromocytoma/Paraganglioma|Pheochromocytoma",DRUG: Belzutifan,Cambridge University Hospitals NHS Foundation Trust,University of Cambridge,ALL,"CHILD, ADULT, OLDER_ADULT",PHASE2,12,OTHER,INTERVENTIONAL,Allocation: NA | Intervention Model: SINGLE_GROUP | Masking: NONE | Primary Purpose: TREATMENT,1,1,1,,,
NCT02259556,CD30-directed Chimeric Antigen Receptor T (CART30) Therapy in Relapsed and Refractory CD30 Positive Lymphomas,https://clinicaltrials.gov/study/NCT02259556,RECRUITING,Hodgkin's Lymphoma|Non-Hodgkin's Lymphoma,BIOLOGICAL: CART30,Chinese PLA General Hospital,None listed,ALL,"CHILD, ADULT, OLDER_ADULT",PHASE1|PHASE2,30,OTHER,INTERVENTIONAL,Allocation: NA | Intervention Model: SINGLE_GROUP | Masking: NONE | Primary Purpose: TREATMENT,1,1,1,,,
NCT07559760,New Second-Line Combo Therapy for MSS Metastatic Colorectal Cancer,https://clinicaltrials.gov/study/NCT07559760,RECRUITING,Metastatic Colorectal Cancer,DRUG: Levofolinic Acid + 5-FU continuous infusion + irinotecan HCl liposome ± cetuximab/bevacizumab,The First Hospital of Jilin University,None listed,ALL,"ADULT, OLDER_ADULT",PHASE2,30,OTHER,INTERVENTIONAL,Allocation: NA | Intervention Model: SINGLE_GROUP | Masking: NONE | Primary Purpose: TREATMENT,1,1,0,,,
NCT06250959,RDC-Blinatumomab Versus hyperCVAD for Ph-negative B-ALL.,https://clinicaltrials.gov/study/NCT06250959,RECRUITING,"ALL, Adult|Philadelphia-Negative ALL",DRUG: Blinatumomab Injection [Blincyto]|DRUG: Doxorubicin,Chen Suning,None listed,ALL,"CHILD, ADULT, OLDER_ADULT",PHASE2,124,OTHER,INTERVENTIONAL,Allocation: RANDOMIZED | Intervention Model: PARALLEL | Masking: NONE | Primary Purpose: TREATMENT,1,1,1,,,
NCT06367088,Cadonilimab Combined With Chemotherapy as First or Second Line Treatment in Recurrent or Metastatic Triple Negative Breast Cancer,https://clinicaltrials.gov/study/NCT06367088,RECRUITING,Triple-negative Breast Cancer|Cadonilimab,DRUG: Cadonilimab,"Union Hospital, Tongji Medical College, Huazhong University of Science and Technology",None listed,ALL,"ADULT, OLDER_ADULT",PHASE2,27,OTHER,INTERVENTIONAL,Allocation: NA | Intervention Model: SINGLE_GROUP | Masking: NONE | Primary Purpose: TREATMENT,1,1,0,,,
NCT07040969,Spirulina-Derived Product Alleviates Oral Mucositis in Patients Undergoing Radiotherapy for Malignant Head and Neck Tumors,https://clinicaltrials.gov/study/NCT07040969,ACTIVE_NOT_RECRUITING,Radiation-induced Oral Mucositis,DRUG: Spray of spirulina derivatives|DRUG: Spray of placebo|RADIATION: Radiotherapy,West China Hospital,None listed,ALL,"ADULT, OLDER_ADULT",PHASE2,70,OTHER,INTERVENTIONAL,"Allocation: RANDOMIZED | Intervention Model: PARALLEL | Masking: QUADRUPLE (PARTICIPANT, CARE_PROVIDER, INVESTIGATOR, OUTCOMES_ASSESSOR) | Primary Purpose: PREVENTION",1,1,0,,,
NCT03040973,Study to Allow Patients Previously Participating in a Novartis Sponsored Trial to Continue Receiving Capmatinib Treatment as Single Agent or in Combination With Other Treatments or the Combination Treatment Alone,https://clinicaltrials.gov/study/NCT03040973,ACTIVE_NOT_RECRUITING,Advanced Solid Tumors Which Are cMET-dependent,DRUG: Capmatinib|DRUG: Nazartinib|DRUG: Gefitinib|DRUG: Osimertinib,Novartis Pharmaceuticals,None listed,ALL,"ADULT, OLDER_ADULT",PHASE2,29,INDUSTRY,INTERVENTIONAL,Allocation: NON_RANDOMIZED | Intervention Model: PARALLEL | Masking: NONE | Primary Purpose: TREATMENT,1,1,0,,,
NCT01220583,Radiation Therapy With or Without Chemotherapy in Treating Patients With High-Risk Malignant Salivary Gland Tumors That Have Been Removed By Surgery,https://clinicaltrials.gov/study/NCT01220583,ACTIVE_NOT_RECRUITING,Head and Neck Cancer,DRUG: cisplatin|RADIATION: 3-dimensional conformal radiation therapy|RADIATION: intensity-modulated radiation therapy,Radiation Therapy Oncology Group,National Cancer Institute (NCI)|NRG Oncology,ALL,"ADULT, OLDER_ADULT",PHASE2,252,NETWORK,INTERVENTIONAL,Allocation: RANDOMIZED | Intervention Model: PARALLEL | Masking: NONE | Primary Purpose: TREATMENT,1,1,0,,,
NCT07449754,Belvarafenib in Combination With Cobimetinib in Patients With Locally Advanced or Metastatic NRAS-Mutant Melanoma,https://clinicaltrials.gov/study/NCT07449754,RECRUITING,Advanced or Metastatic Melanoma,DRUG: Belvarafenib|COMBINATION_PRODUCT: Cobimetinib,Hanmi Pharmaceutical Company Limited,None listed,ALL,"ADULT, OLDER_ADULT",PHASE2,45,INDUSTRY,INTERVENTIONAL,Allocation: NA | Intervention Model: SINGLE_GROUP | Masking: NONE | Primary Purpose: TREATMENT,1,1,0,,,
NCT07679360,A Study of Trastuzumab Rezetecan in Combination With Adebrelimab Versus Investigator's Choice of Therapy in Subjects With Residual Triple Negative Breast Cancer,https://clinicaltrials.gov/study/NCT07679360,NOT_YET_RECRUITING,Triple Negative Breast Cancer,DRUG: Trastuzumab Rezetecan for Injection|DRUG: Adebrelimab Injection|DRUG: Capecitabine tablets|DRUG: Pembrolizumab injection,"Suzhou Suncadia Biopharmaceuticals Co., Ltd.",None listed,FEMALE,"ADULT, OLDER_ADULT",PHASE3,1000,INDUSTRY,INTERVENTIONAL,Allocation: RANDOMIZED | Intervention Model: PARALLEL | Masking: NONE | Primary Purpose: TREATMENT,1,1,0,,,
NCT07148180,"A Multi-Site Break Through Cancer Trial: Targeting Measurable Residual Disease in Patients With Acute Myeloid Leukemia: A Phase 1/2 Study of Tagraxofusp, Azacitidine, and Venetoclax",https://clinicaltrials.gov/study/NCT07148180,RECRUITING,Acute Myeloid Leukaemia (AML)|Leukemia|Blood Cancer|Blood Cancers,DRUG: Tagraxofusp|DRUG: Azacitidine (AZA)|DRUG: Venetoclax,"Jacqueline Garcia, MD","Stemline Therapeutics, Inc.|Break Through Cancer Foundation",ALL,"ADULT, OLDER_ADULT",PHASE1|PHASE2,31,OTHER,INTERVENTIONAL,Allocation: NON_RANDOMIZED | Intervention Model: SEQUENTIAL | Masking: NONE | Primary Purpose: TREATMENT,1,1,0,,,
NCT06835179,"SBRT Combined With CAPEOX, Bevacizumab, and PD-1 Inhibitor for the Treatment of RAS-Mutant, MSS-Type, Unresectable Metastatic Colorectal Cancer.",https://clinicaltrials.gov/study/NCT06835179,NOT_YET_RECRUITING,Unresectable Metastatic Colorectal Cancer|Microsatellite Stable (MSS) Colorectal Cancer (CRC)|RAS-mutant Colorectal Cancer,RADIATION: SBRT|DRUG: PD-1 Inhibitors|DRUG: CapeOX + bevacizumab,The First Affiliated Hospital with Nanjing Medical University,None listed,ALL,"ADULT, OLDER_ADULT",PHASE2,28,OTHER,INTERVENTIONAL,Allocation: NA | Intervention Model: SINGLE_GROUP | Masking: NONE | Primary Purpose: TREATMENT,1,1,0,,,
NCT07740486,A Study Comparing Treatment With Teclistamab and Talquetamab Versus Daratumumab and Lenalidomide in Patients With Multiple Myeloma After Stem Cell Transplant Who Still Have Detectable Disease,https://clinicaltrials.gov/study/NCT07740486,NOT_YET_RECRUITING,Multiple Myeloma (MM),DRUG: Teclistamab|DRUG: Talquetamab|DRUG: Daratumumab (Subcutaneously)|DRUG: Lenalidomide,Polish Myeloma Consortium,"Medical Research Agency, Poland|Johnson & Johnson",ALL,"ADULT, OLDER_ADULT",PHASE3,248,OTHER,INTERVENTIONAL,Allocation: RANDOMIZED | Intervention Model: PARALLEL | Masking: NONE | Primary Purpose: TREATMENT,1,1,0,,,
NCT07322783,Osimertinib Combined With Savolitinib in the Treatment of NSCLC With Low Copy Number MET Amplification,https://clinicaltrials.gov/study/NCT07322783,RECRUITING,EGFR Positive Non-small Cell Lung Cancer|MET Amplification,DRUG: • Drug: Savolitinib • Drug: Osimertinib Mesylate Tablets,Qingdao Central Hospital,None listed,ALL,"ADULT, OLDER_ADULT",PHASE2,60,OTHER,INTERVENTIONAL,Allocation: NA | Intervention Model: SINGLE_GROUP | Masking: NONE | Primary Purpose: TREATMENT,1,1,0,,,
NCT05751941,Study of Sipuleucel-T With or Without Continuing New Hormonal Agents in Metastatic Prostate Cancer,https://clinicaltrials.gov/study/NCT05751941,ACTIVE_NOT_RECRUITING,Prostate Cancer|Metastatic Prostate Cancer,DRUG: Abiraterone|DRUG: Enzalutamide|DRUG: Apalutamide|DRUG: Sipuleucel-T,H. Lee Moffitt Cancer Center and Research Institute,Dendreon,MALE,"ADULT, OLDER_ADULT",PHASE2,26,OTHER,INTERVENTIONAL,Allocation: RANDOMIZED | Intervention Model: PARALLEL | Masking: NONE | Primary Purpose: TREATMENT,1,1,0,,,
NCT07471841,Olutasidenib in Relapsed IDH1 Mutated AML Patients Who Have Previously Received Venetoclax,https://clinicaltrials.gov/study/NCT07471841,RECRUITING,IDH1 Mutation|Relapsed / Refractory AML,DRUG: Olutasidenib|DRUG: Azacitidine (AZA),Timothy Pardee,Atrium Health Wake Forest Baptist|Rigel Pharmaceuticals,ALL,"ADULT, OLDER_ADULT",PHASE2,25,OTHER,INTERVENTIONAL,Allocation: NA | Intervention Model: SINGLE_GROUP | Masking: NONE | Primary Purpose: TREATMENT,1,1,0,,,
NCT07169994,A Study of YL202 in Combination With Other Anti-tumor Therapies in Patients With Advanced Solid Tumors,https://clinicaltrials.gov/study/NCT07169994,RECRUITING,Advanced Solid Tumors|Breast Cancer|Non Small Cell Lung Cancer,DRUG: YL202 for injection; Toripalimab injection|DRUG: YL202 for injection; Furmonertinib Mesilate Tablets,"MediLink Therapeutics (Suzhou) Co., Ltd.",None listed,ALL,"ADULT, OLDER_ADULT",PHASE1|PHASE2,414,INDUSTRY,INTERVENTIONAL,Allocation: NON_RANDOMIZED | Intervention Model: SINGLE_GROUP | Masking: NONE | Primary Purpose: TREATMENT,1,1,0,,,
NCT06819566,Prophylactic Endoscopic Variceal Ligation in Patients With High-risk Esophageal Varices Receiving Atezo/Bev for HCC,https://clinicaltrials.gov/study/NCT06819566,RECRUITING,Hepatocellular Carcinoma|Esophageal Varix|Bleeding Esophageal Varices,PROCEDURE: Endoscopic variceal ligation (EVL),Asan Medical Center,"Seoul National University Hospital|Hanyang University|Samsung Medical Center|National Cancer Center, Korea|Seoul National University Bundang Hospital",ALL,"ADULT, OLDER_ADULT",PHASE2,44,OTHER,INTERVENTIONAL,Allocation: NA | Intervention Model: SINGLE_GROUP | Masking: NONE | Primary Purpose: TREATMENT,1,1,0,,,
NCT04795661,Immunotherapy in MSI/dMMR Tumors in Perioperative Setting.,https://clinicaltrials.gov/study/NCT04795661,ACTIVE_NOT_RECRUITING,Localized Resectable Tumor|MSI/dMMR,DRUG: Pembrolizumab,Centre Leon Berard,None listed,ALL,"ADULT, OLDER_ADULT",PHASE2,240,OTHER,INTERVENTIONAL,Allocation: NON_RANDOMIZED | Intervention Model: PARALLEL | Masking: NONE | Primary Purpose: TREATMENT,1,1,0,,,
NCT03919461,Colorectal Metastasis Prevention International Trial 2,https://clinicaltrials.gov/study/NCT03919461,RECRUITING,Colorectal Neoplasms,DRUG: Propranolol and etodolac|OTHER: Placebo,Assaf-Harofeh Medical Center,"Sheba Medical Center|Rabin Medical Center|Tel-Aviv Sourasky Medical Center|Rambam Health Care Campus|HaEmek Medical Center, Israel",ALL,"ADULT, OLDER_ADULT",PHASE2,200,OTHER_GOV,INTERVENTIONAL,"Allocation: RANDOMIZED | Intervention Model: PARALLEL | Masking: QUADRUPLE (PARTICIPANT, CARE_PROVIDER, INVESTIGATOR, OUTCOMES_ASSESSOR) | Primary Purpose: PREVENTION",1,1,0,,,
NCT07066280,Modulating the Skin Microbiome to Prevent Radiation Dermatitis in Breast Cancer,https://clinicaltrials.gov/study/NCT07066280,RECRUITING,Skin Microbiome|Breast Cancer|Radiation Dermatitis,DRUG: Skin Repairing Cream|OTHER: Cetaphil® Moisturizing Cream as Inactive Control,Sun Yat-Sen Memorial Hospital of Sun Yat-Sen University,None listed,FEMALE,"ADULT, OLDER_ADULT",PHASE3,326,OTHER,INTERVENTIONAL,Allocation: RANDOMIZED | Intervention Model: PARALLEL | Masking: NONE | Primary Purpose: PREVENTION,1,1,0,,,
NCT05498896,Investigate the Contribution of Ipatasertib to Neoadjuvant Chemotherapy Plus Atezolizumab in TNBC,https://clinicaltrials.gov/study/NCT05498896,ACTIVE_NOT_RECRUITING,Triple Negative Breast Cancer,DRUG: Atezolizumab|DRUG: Ipatasertib|DRUG: Paclitaxel|DRUG: Doxorubicin|DRUG: Cyclophosphamide,Queen Mary University of London,Westdeutsche Studiengruppe GmbH (WSG)|MedSIR|Hoffmann-La Roche,FEMALE,"ADULT, OLDER_ADULT",PHASE2,146,OTHER,INTERVENTIONAL,Allocation: RANDOMIZED | Intervention Model: PARALLEL | Masking: NONE | Primary Purpose: TREATMENT,1,1,0,,,
NCT07393542,A Trial of SHR-A2102 With Adebrelimab in Locally Advanced or Metastatic Urothelial Carcinoma,https://clinicaltrials.gov/study/NCT07393542,RECRUITING,Locally Advanced or Metastatic Urothelial Carcinoma,DRUG: SHR-A2102 and Adebrelimab|DRUG: Gemcitabine and cisplatin / carboplatin,"Suzhou Suncadia Biopharmaceuticals Co., Ltd.",None listed,ALL,"ADULT, OLDER_ADULT",PHASE3,453,INDUSTRY,INTERVENTIONAL,Allocation: RANDOMIZED | Intervention Model: PARALLEL | Masking: NONE | Primary Purpose: TREATMENT,1,1,0,,,
NCT05584670,"A First-in-human, Dose Escalation and Dose Expansion Study of SAR445877 in Adult Participants With Advanced Solid Tumors",https://clinicaltrials.gov/study/NCT05584670,RECRUITING,Solid Tumor,DRUG: SAR445877|DRUG: Cetuximab|DRUG: ADG126|DRUG: Bevacizumab|DRUG: Nivolumab|DRUG: Ipilimumab,Sanofi,None listed,ALL,"ADULT, OLDER_ADULT",PHASE1|PHASE2,542,INDUSTRY,INTERVENTIONAL,Allocation: NON_RANDOMIZED | Intervention Model: SEQUENTIAL | Masking: NONE | Primary Purpose: TREATMENT,1,1,0,,,
NCT07392541,"Adebrelimab Combined With Gemcitabine, Cisplatin, and Simvastatin for Advanced Biliary Tract Cancer",https://clinicaltrials.gov/study/NCT07392541,RECRUITING,Advanced Biliary Tract Carcinoma,DRUG: Adebrelimab|DRUG: Gemcitabine + Cisplatin|DRUG: Simvastatin 20mg,Tongji Hospital,None listed,ALL,"ADULT, OLDER_ADULT",PHASE1|PHASE2,29,OTHER,INTERVENTIONAL,Allocation: NA | Intervention Model: SINGLE_GROUP | Masking: NONE | Primary Purpose: TREATMENT,1,1,0,,,
NCT04249154,Postop Hypofractionated Radiation Therapy and LHRH in Patients With Prostate Cancer,https://clinicaltrials.gov/study/NCT04249154,RECRUITING,Prostate Cancer,DRUG: Eligard,McGill University Health Centre/Research Institute of the McGill University Health Centre,Tolmar Inc.,MALE,"ADULT, OLDER_ADULT",PHASE2,77,OTHER,INTERVENTIONAL,Allocation: NA | Intervention Model: SINGLE_GROUP | Masking: NONE | Primary Purpose: TREATMENT,1,1,0,,,
NCT05879822,A Study to Evaluate INCB099280 in Participants With Select Solid Tumors Who Are Immune Checkpoint Inhibitor Naive,https://clinicaltrials.gov/study/NCT05879822,ACTIVE_NOT_RECRUITING,Advanced Solid Tumor,DRUG: INCB099280,Incyte Corporation,None listed,ALL,"ADULT, OLDER_ADULT",PHASE2,73,INDUSTRY,INTERVENTIONAL,Allocation: RANDOMIZED | Intervention Model: PARALLEL | Masking: NONE | Primary Purpose: TREATMENT,1,1,0,,,
NCT03967223,Master Protocol to Assess the Safety and Antitumor Activity of Genetically Engineered T Cells in NY-ESO-1 and/or LAGE-1a Positive Solid Tumors,https://clinicaltrials.gov/study/NCT03967223,ACTIVE_NOT_RECRUITING,Neoplasms,"DRUG: Letetresgene autoleucel (lete-cel, GSK3377794)|DRUG: Fludarabine|DRUG: Cyclophosphamide","USWM CT, LLC",None listed,ALL,"CHILD, ADULT, OLDER_ADULT",PHASE2,103,INDUSTRY,INTERVENTIONAL,Allocation: NON_RANDOMIZED | Intervention Model: PARALLEL | Masking: NONE | Primary Purpose: TREATMENT,1,1,1,,,
NCT02847559,Optune Delivered Electric Field Therapy and Bevacizumab in Treating Patients With Recurrent or Progressive Grade 2 or 3 Meningioma,https://clinicaltrials.gov/study/NCT02847559,RECRUITING,Anaplastic (Malignant) Meningioma|Atypical Meningioma|Grade II Meningioma|Grade III Meningioma|Recurrent Meningioma|Supratentorial Meningioma,BIOLOGICAL: Bevacizumab|PROCEDURE: Electric Field Therapy|DEVICE: NovoTTF-200A Device|PROCEDURE: Quality-of-Life Assessment,Northwestern University,NovoCure Ltd.|National Cancer Institute (NCI),ALL,"ADULT, OLDER_ADULT",PHASE2,27,OTHER,INTERVENTIONAL,Allocation: NA | Intervention Model: SINGLE_GROUP | Masking: NONE | Primary Purpose: TREATMENT,1,1,0,,,
NCT07605962,Phase 1/2 Study of UI-102 in Selected Advanced Cancers,https://clinicaltrials.gov/study/NCT07605962,RECRUITING,Advanced Cancer,DRUG: UI-102,"United Immunity, co., Ltd.",None listed,ALL,"ADULT, OLDER_ADULT",PHASE1|PHASE2,140,INDUSTRY,INTERVENTIONAL,Allocation: NON_RANDOMIZED | Intervention Model: SEQUENTIAL | Masking: NONE | Primary Purpose: TREATMENT,1,1,0,,,
NCT05266846,Pembrolizumab Plus Bevacizumab and Chemotherapy for ALK-rearranged NSCLC With Persistent 5'ALK,https://clinicaltrials.gov/study/NCT05266846,RECRUITING,ALK Gene Mutation|Lung Adenocarcinoma|Immunotherapy,DRUG: Pembrolizumab injection,Hunan Province Tumor Hospital,None listed,ALL,"ADULT, OLDER_ADULT",PHASE2,78,OTHER,INTERVENTIONAL,Allocation: RANDOMIZED | Intervention Model: PARALLEL | Masking: NONE | Primary Purpose: TREATMENT,1,1,0,,,
NCT06158386,Chidamide Combined With Linperlisibon for the Treatment of Refractory/Relapsed Follicular Lymphoma,https://clinicaltrials.gov/study/NCT06158386,RECRUITING,Follicular Lymphoma|Refractory B-Cell Lymphoma|Relapsed Non-Hodgkin Lymphoma,DRUG: Chidamide combined with Linperlisib,The First Affiliated Hospital of Xiamen University,Fujian Provincial Hospital|Fujian Cancer Hospital|Zhangzhou Affiliated Hospital of Fujian Medical University|Jieyang People's Hospital|Dongguan People's Hospital|Huizhou Municipal Central Hospital|The First Affiliated Hospital with Nanjing Medical University|Sun Yat-sen University|Shanxi Province Cancer Hospital,FEMALE,"ADULT, OLDER_ADULT",PHASE2,33,OTHER,INTERVENTIONAL,Allocation: NA | Intervention Model: SINGLE_GROUP | Masking: NONE | Primary Purpose: TREATMENT,1,1,0,,,
NCT07355283,IMM0306 in Combination With Lenalidomide vs Placebo in Combination With Lenalidomide in Patients With Relapsed/Refractory Follicular Lymphoma,https://clinicaltrials.gov/study/NCT07355283,NOT_YET_RECRUITING,Relapsed/Refractory Follicular Lymphoma,DRUG: IMM0306 2.0 mg/kg|DRUG: Placebo|DRUG: Lenalidomide 20 mg,ImmuneOnco Biopharmaceuticals (Shanghai) Inc.,None listed,ALL,"ADULT, OLDER_ADULT",PHASE3,198,OTHER,INTERVENTIONAL,"Allocation: RANDOMIZED | Intervention Model: PARALLEL | Masking: DOUBLE (PARTICIPANT, INVESTIGATOR) | Primary Purpose: TREATMENT",1,1,0,,,
NCT06939283,A Phase 1b/2 Multisite Dose-finding and Expansion Study of WTX-330 in Adult Patients With Selected Advanced or Metastatic Solid Tumors or Lymphoma,https://clinicaltrials.gov/study/NCT06939283,ACTIVE_NOT_RECRUITING,Advanced or Metastatic Solid Tumors|Non-Hodgkin Lymphoma,DRUG: WTX-330,"Werewolf Therapeutics, Inc.",None listed,ALL,"ADULT, OLDER_ADULT",PHASE1|PHASE2,100,INDUSTRY,INTERVENTIONAL,Allocation: NON_RANDOMIZED | Intervention Model: SEQUENTIAL | Masking: NONE | Primary Purpose: TREATMENT,1,1,0,,,
NCT07422805,Circulating Tumor DNA in Melanoma Patients,https://clinicaltrials.gov/study/NCT07422805,ACTIVE_NOT_RECRUITING,Melanoma|Skin Cancer,OTHER: Blood Sampling for ctDNA Analysis,Institute of Oncology Ljubljana,None listed,ALL,"ADULT, OLDER_ADULT",PHASE1|PHASE2,176,OTHER,INTERVENTIONAL,Allocation: NA | Intervention Model: SINGLE_GROUP | Masking: NONE | Primary Purpose: DIAGNOSTIC,1,1,0,,,
NCT04214990,Aspirin Use for Gastric Cancer Prevention in the Early Gastric Cancer Patients,https://clinicaltrials.gov/study/NCT04214990,RECRUITING,Aspirin|Gastric Cancer,DRUG: Aspirin 100mg|DRUG: Placebo oral tablet,"National Cancer Center, Korea",Incheon St.Mary's Hospital/The Catholic University|Kosin University Gospel Hospital|Pusan National University Hospital|SMG-SNU Boramae Medical Center|Chonnam National University Hospital|Chung-Ang University Hospital|Chilgok Kyungpook National University|Hallym University Medical Center|Asan Medical Center|Seoul National University Bundang Hospital|Severance Hospital|Samsung Medical Center,ALL,"ADULT, OLDER_ADULT",PHASE3,1700,OTHER_GOV,INTERVENTIONAL,"Allocation: RANDOMIZED | Intervention Model: PARALLEL | Masking: QUADRUPLE (PARTICIPANT, CARE_PROVIDER, INVESTIGATOR, OUTCOMES_ASSESSOR) | Primary Purpose: PREVENTION",1,1,0,,,
NCT06409390,Sequential Therapies Modeled on Evolutionary Dynamics for Breast Cancer,https://clinicaltrials.gov/study/NCT06409390,RECRUITING,Metastatic Breast Cancer,DRUG: Taxotere|DRUG: Cytoxan|DRUG: Trastuzumab deruxtecan|DRUG: Sacituzumab govitecan|DRUG: Xeloda|DRUG: Fulvestrant|DRUG: Ribociclib|DRUG: Abemaciclib,H. Lee Moffitt Cancer Center and Research Institute,None listed,FEMALE,"ADULT, OLDER_ADULT",PHASE2,15,OTHER,INTERVENTIONAL,Allocation: NA | Intervention Model: SEQUENTIAL | Masking: NONE | Primary Purpose: TREATMENT,1,1,0,,,
NCT05451810,A Study to Evaluate Adverse Events of Subcutaneous (SC) Epcoritamab Administered in the Outpatient Setting in Adult Participants With Relapsed or Refractory Diffuse Large B-Cell Lymphoma and Classic Follicular Lymphoma,https://clinicaltrials.gov/study/NCT05451810,ACTIVE_NOT_RECRUITING,Diffuse Large B-Cell Lymphoma|Classic Follicular Lymphoma,DRUG: Epcoritamab,Genmab,AbbVie,ALL,"ADULT, OLDER_ADULT",PHASE2,184,INDUSTRY,INTERVENTIONAL,Allocation: NON_RANDOMIZED | Intervention Model: SEQUENTIAL | Masking: NONE | Primary Purpose: TREATMENT,1,1,0,,,
NCT05532059,"Lenvatinib, Tislelizumab Plus Gemcitabine and Cisplatin (GPLET) in Patients with Advanced Cholangiocarcinoma",https://clinicaltrials.gov/study/NCT05532059,RECRUITING,Advanced Cholangiocarcinoma,"DRUG: Lenvatinib, tislelizumab, gemcitabine and cisplatin|DRUG: gemcitabine and cisplatin","Second Affiliated Hospital, Zhejiang University, School of Medicine",None listed,ALL,"ADULT, OLDER_ADULT",PHASE2,100,OTHER,INTERVENTIONAL,Allocation: NON_RANDOMIZED | Intervention Model: PARALLEL | Masking: NONE | Primary Purpose: TREATMENT,1,1,0,,,
NCT06173362,Abiraterone and Prednisone or Darolutamide for the Treatment of Advanced Prostate Cancer,https://clinicaltrials.gov/study/NCT06173362,RECRUITING,Advanced Prostate Adenocarcinoma|Stage III Prostate Cancer AJCC v8|Stage IV Prostate Cancer AJCC v8,DRUG: Abiraterone|PROCEDURE: Biospecimen Collection|DRUG: Darolutamide|DRUG: Prednisone,"University of California, Davis",National Cancer Institute (NCI),MALE,"ADULT, OLDER_ADULT",PHASE2,75,OTHER,INTERVENTIONAL,Allocation: NON_RANDOMIZED | Intervention Model: PARALLEL | Masking: NONE | Primary Purpose: TREATMENT,1,1,0,,,
NCT03136146,"Combination Chemotherapy in Treating Patients With Relapsed or Refractory Acute Lymphoblastic Leukemia, Lymphoblastic Lymphoma, Burkitt Lymphoma/Leukemia, or Double-Hit Lymphoma/Leukemia",https://clinicaltrials.gov/study/NCT03136146,RECRUITING,Recurrent Acute Lymphoblastic Leukemia|Recurrent Adult Lymphoblastic Lymphoma|Recurrent Burkitt Leukemia|Recurrent Burkitt Lymphoma|Recurrent Childhood Lymphoblastic Lymphoma|Recurrent High Grade B-Cell Lymphoma With MYC and BCL2 or BCL6 Rearrangements|Refractory Acute Lymphoblastic Leukemia|Refractory Burkitt Leukemia|Refractory Burkitt Lymphoma|Refractory High Grade B-Cell Lymphoma With MYC and BCL2 or BCL6 Rearrangements|Refractory Lymphoblastic Lymphoma,DRUG: Bortezomib|DRUG: Clofarabine|DRUG: Cyclophosphamide|DRUG: Dexamethasone|DRUG: Etoposide|BIOLOGICAL: Ofatumumab|BIOLOGICAL: Pegfilgrastim|BIOLOGICAL: Rituximab|DRUG: Vincristine Sulfate Liposome,M.D. Anderson Cancer Center,National Cancer Institute (NCI),ALL,"CHILD, ADULT, OLDER_ADULT",PHASE2,42,OTHER,INTERVENTIONAL,Allocation: NA | Intervention Model: SINGLE_GROUP | Masking: NONE | Primary Purpose: TREATMENT,1,1,1,,,
NCT06319027,"Identifying Findings on Brain Scans That Could Help Make Better Predictions About Brain Cancer Progression, The GABLE Trial",https://clinicaltrials.gov/study/NCT06319027,RECRUITING,"Glioblastoma, IDH-Wildtype",PROCEDURE: Dynamic Susceptibility Contrast-Enhanced Magnetic Resonance Imaging|OTHER: Fluciclovine F18|DRUG: Gadolinium-Chelate|PROCEDURE: Magnetic Resonance Spectroscopy|PROCEDURE: Positron Emission Tomography,ECOG-ACRIN Cancer Research Group,National Cancer Institute (NCI),ALL,"ADULT, OLDER_ADULT",PHASE2,100,NETWORK,INTERVENTIONAL,Allocation: NA | Intervention Model: SINGLE_GROUP | Masking: NONE | Primary Purpose: DIAGNOSTIC,1,1,0,,,
NCT06288373,Neoadjuvant Chemoimmunotherapy Versus Concurrent Chemoradiotherapy for LACC,https://clinicaltrials.gov/study/NCT06288373,RECRUITING,Cervical Cancer|Locally Advanced Cervical Cancer|Concurrent Chemoradiotherapy|Neoadjuvant Chemoimmunotherapy,DRUG: Camrelizumab|DRUG: Cisplatin|DRUG: Nab paclitaxel|PROCEDURE: Radical surgery|RADIATION: external beam radiation therapy (EBRT) + brachytherapy|DRUG: Cisplatin,Tongji Hospital,"Southwest Hospital, China|Women's Hospital School Of Medicine Zhejiang University|Anhui Provincial Cancer Hospital|Sichuan Cancer Hospital and Research Institute|Qilu Hospital of Shandong University|Beijing Friendship Hospital|Tianjin Medical University General Hospital|West China Second University Hospital|Sun Yat-Sen Memorial Hospital of Sun Yat-Sen University|Xiangya Hospital of Central South University|Gansu Provincial Maternal and Child Health Care Hospital|Zhejiang Cancer Hospital|Shengjing Hospital|Cancer Hospital of Guangxi Medical University",FEMALE,"ADULT, OLDER_ADULT",PHASE2|PHASE3,440,OTHER,INTERVENTIONAL,Allocation: RANDOMIZED | Intervention Model: PARALLEL | Masking: NONE | Primary Purpose: TREATMENT,1,1,0,,,
NCT07541755,PD-1 Inhibitors +Venetoclax+CAG Regimens in R/R T-ALL,https://clinicaltrials.gov/study/NCT07541755,ACTIVE_NOT_RECRUITING,Acute T Lymphoblastic Leukemia (T-ALL),DRUG: PD-1 Inhibitors,Fujian Medical University Union Hospital,None listed,ALL,"ADULT, OLDER_ADULT",PHASE3,40,OTHER,INTERVENTIONAL,Allocation: NA | Intervention Model: SINGLE_GROUP | Masking: NONE | Primary Purpose: TREATMENT,1,1,0,,,
NCT04833426,Impact of Peri-operative tEstosterone Levels on oNcological and Functional Outcomes in RadiCal prostatEctomy,https://clinicaltrials.gov/study/NCT04833426,RECRUITING,Prostatic Neoplasms|Hypogonadism|Testosterone Deficiency,DRUG: Testosterone gel|DRUG: Placebo,Canisius-Wilhelmina Hospital,Besins Healthcare,MALE,"ADULT, OLDER_ADULT",PHASE3,140,OTHER,INTERVENTIONAL,Allocation: RANDOMIZED | Intervention Model: PARALLEL | Masking: SINGLE (PARTICIPANT) | Primary Purpose: TREATMENT,1,1,0,,,
NCT05036226,COAST Therapy in Advanced Solid Tumors and Prostate Cancer,https://clinicaltrials.gov/study/NCT05036226,RECRUITING,"Prostate Cancer Recurrent|Solid Tumor, Adult","COMBINATION_PRODUCT: Hydroxychloroquine, Metformin, Sirolimus|COMBINATION_PRODUCT: Hydroxychloroquine, Metformin, Sirolimus, Dasatanib|COMBINATION_PRODUCT: Hydroxychloroquine, Metformin, Sirolimus, Nelfinavir|COMBINATION_PRODUCT: Hydroxychloroquine, Metformin, Sirolimus, Nelfinavir, Dasatinib|COMBINATION_PRODUCT: Hydroxychloroquine, Metformin, Sirolimus, Nelfinavir|COMBINATION_PRODUCT: Hydroxychloroquine, Metformin, Sirolimus, Nelfinavir, Dasatinib",Medical University of South Carolina,None listed,ALL,"ADULT, OLDER_ADULT",PHASE1|PHASE2,76,OTHER,INTERVENTIONAL,Allocation: NON_RANDOMIZED | Intervention Model: SEQUENTIAL | Masking: NONE | Primary Purpose: TREATMENT,1,1,0,,,
NCT07155226,"Study of AZD3632 Monotherapy or in Combination With Anticancer Agents in Participants With Advanced Haematologic Malignancies With KMT2Ar, NPM1m, or Other Genotypes Associated With HOX Overexpression",https://clinicaltrials.gov/study/NCT07155226,RECRUITING,Acute Lymphoblastic Leukaemia|Acute Myeloid Leukaemia|Higher-risk Myelodysplastic Syndromes,DRUG: AZD3632|DRUG: Posaconazole,AstraZeneca,None listed,ALL,"CHILD, ADULT, OLDER_ADULT",PHASE1|PHASE2,84,INDUSTRY,INTERVENTIONAL,Allocation: NON_RANDOMIZED | Intervention Model: SEQUENTIAL | Masking: NONE | Primary Purpose: TREATMENT,1,1,1,,,
NCT05515315,Induction Tislelizumab Combined With Chemotherapy Followed by Definitive Chemoradiotherapy in the Treatment of Locally Unresectable Esophageal Squamous Cell Carcinoma,https://clinicaltrials.gov/study/NCT05515315,RECRUITING,Immunotherapy Esophagus Cancer,DRUG: Tislelizumab|DRUG: Albumin paclitaxel|DRUG: Nedaplatin|RADIATION: radiotherapy,Fuzhou General Hospital,None listed,ALL,"ADULT, OLDER_ADULT",PHASE2,93,OTHER,INTERVENTIONAL,Allocation: NA | Intervention Model: SINGLE_GROUP | Masking: NONE | Primary Purpose: TREATMENT,1,1,0,,,
NCT05316935,GnRHa + Letrozole in Non-obese Progestin-insensitive Endometrial Cancer and Atypical Hyperplasia Patients,https://clinicaltrials.gov/study/NCT05316935,RECRUITING,Endometrial Neoplasms|Atypical Endometrial Hyperplasia|Progesterone Resistance,DRUG: GnRHa|DRUG: Letrozole 2.5mg|DRUG: Diane-35|DRUG: MET,Xiaojun Chen,None listed,FEMALE,ADULT,PHASE2|PHASE3,80,OTHER,INTERVENTIONAL,Allocation: RANDOMIZED | Intervention Model: PARALLEL | Masking: NONE | Primary Purpose: TREATMENT,1,0,0,,,
NCT04632108,"A 1/2 Phase Study to Evaluate the Safety, Tolerability, Pharmacokinetics, and Antitumor Activity of ASKB589 in Patients With Locally Advanced or Metastatic Solid Tumors",https://clinicaltrials.gov/study/NCT04632108,ACTIVE_NOT_RECRUITING,Malignant Solid Tumor,DRUG: ASKB589 Injection,"Jiangsu Aosaikang Pharmaceutical Co., Ltd.","Jiangsu Aosaikang Biopharmaceutical Co., Ltd",ALL,"ADULT, OLDER_ADULT",PHASE1|PHASE2,199,INDUSTRY,INTERVENTIONAL,Allocation: NA | Intervention Model: SINGLE_GROUP | Masking: NONE | Primary Purpose: TREATMENT,1,1,0,,,
NCT03707340,A Study of Flibanserin in Breast Cancer Survivors on Tamoxifen or Aromatase Inhibitors,https://clinicaltrials.gov/study/NCT03707340,ACTIVE_NOT_RECRUITING,Breast Cancer|Hyposexual Desire Disorder,DRUG: Flibanserin Pill,Memorial Sloan Kettering Cancer Center,None listed,FEMALE,"ADULT, OLDER_ADULT",PHASE2,43,OTHER,INTERVENTIONAL,Allocation: NA | Intervention Model: SINGLE_GROUP | Masking: NONE | Primary Purpose: SUPPORTIVE_CARE,1,1,0,,,
NCT05824468,Zimberelimab Plus Lenvatinib After Progression on Prior Immune Checkpoint Inhibitors for Advanced Cervical Cancer,https://clinicaltrials.gov/study/NCT05824468,ACTIVE_NOT_RECRUITING,Cervical Cancer|Cervical Carcinoma,DRUG: Zimberelimab|DRUG: Lenvatinib,Sun Yat-sen University,None listed,FEMALE,"ADULT, OLDER_ADULT",PHASE2,30,OTHER,INTERVENTIONAL,Allocation: NA | Intervention Model: SINGLE_GROUP | Masking: NONE | Primary Purpose: TREATMENT,1,1,0,,,
NCT03301168,Study of Gene Modified Donor T-cells Following TCR Alpha Beta Positive Depleted Stem Cell Transplant,https://clinicaltrials.gov/study/NCT03301168,ACTIVE_NOT_RECRUITING,"Acute Lymphoblastic Leukemia|Leukemia, Acute Myeloid (AML), Child|Lymphoma, Non-Hodgkin|Myelodysplastic Syndromes|Primary Immune Deficiency Disorder|Osteopetrosis|Cytopenia|Hemoglobinopathy in Children|Anemia, Aplastic",BIOLOGICAL: BPX-501 T cells|DRUG: Rimiducid,Bellicum Pharmaceuticals,None listed,ALL,"CHILD, ADULT",PHASE1|PHASE2,120,INDUSTRY,INTERVENTIONAL,Allocation: NA | Intervention Model: SINGLE_GROUP | Masking: NONE | Primary Purpose: TREATMENT,1,0,1,,,
NCT06087068,Thyroxine Replacement Therapy After Lobectomy for Low-risk Papillary Thyroid Carcinoma,https://clinicaltrials.gov/study/NCT06087068,RECRUITING,Thyroid Cancer|Surgery|Recurrence,DRUG: Thyroxine,"Cancer Institute and Hospital, Chinese Academy of Medical Sciences",None listed,ALL,"CHILD, ADULT, OLDER_ADULT",PHASE2,140,OTHER,INTERVENTIONAL,Allocation: NA | Intervention Model: SINGLE_GROUP | Masking: NONE | Primary Purpose: TREATMENT,1,1,1,,,
NCT06827613,"A Study of Invikafusp Alfa (STAR0602), a Selective T Cell Receptor (TCR)-Targeting, Bifunctional Antibody-fusion Molecule, in Combination With Sacituzumab Govitecan in Participants With Advanced Solid Tumors",https://clinicaltrials.gov/study/NCT06827613,RECRUITING,"Triple Negative Locally Advanced Non-resectable Breast Cancer|HR+, HER2-, Advanced Breast Cancer",DRUG: STAR0602|DRUG: Sacituzumab Govitecan (SG),"Marengo Therapeutics, Inc.",None listed,ALL,"ADULT, OLDER_ADULT",PHASE1|PHASE2,50,INDUSTRY,INTERVENTIONAL,Allocation: NON_RANDOMIZED | Intervention Model: SINGLE_GROUP | Masking: NONE | Primary Purpose: TREATMENT,1,1,0,,,
NCT06731413,Reduced CT + Anti-PD-1 as First Line Tx in Vulnerable Older Adults w/Adv <50% PD-L1 Non-Small Cell Lung Cancer (NSCLC),https://clinicaltrials.gov/study/NCT06731413,RECRUITING,Non-Small Cell Lung Cancer|NSCLC|Advanced Non-Small Cell Lung Cancer|Metastatic Non Small Cell Lung Cancer,DRUG: Reduced Dose of Chemotherapy and Immunotherapy,Virginia Commonwealth University,None listed,ALL,"ADULT, OLDER_ADULT",PHASE2,40,OTHER,INTERVENTIONAL,Allocation: NA | Intervention Model: SINGLE_GROUP | Masking: NONE | Primary Purpose: TREATMENT,1,1,0,,,
NCT06006013,"Cabozantinib in Combination With Pembrolizumab for the Treatment of Patients With Locally Advanced, Metastatic, or Unresectable Adrenal Cortical Cancer",https://clinicaltrials.gov/study/NCT06006013,RECRUITING,Locally Advanced Adrenal Cortex Carcinoma|Adrenal Cortical Carcinoma|Stage III Adrenal Cortex Carcinoma|Stage IV Adrenal Cortex Carcinoma AJCC v8|Unresectable Adrenal Cortex Carcinoma,BIOLOGICAL: Pembrolizumab|PROCEDURE: Biospecimen Collection|DRUG: Cabozantinib S-malate|PROCEDURE: Computed Tomography|PROCEDURE: Magnetic Resonance Imaging,Emory University,National Cancer Institute (NCI),ALL,"ADULT, OLDER_ADULT",PHASE2,21,OTHER,INTERVENTIONAL,Allocation: NA | Intervention Model: SINGLE_GROUP | Masking: NONE | Primary Purpose: TREATMENT,1,1,0,,,
NCT07490210,Rezvilutamide With Radical Prostatectomy and Metastasis-Directed Therapy in Oligometastatic Prostate Cancer,https://clinicaltrials.gov/study/NCT07490210,NOT_YET_RECRUITING,Oligometastatic Prostate Cancer,RADIATION: Metastasis-directed radiotherapy|DRUG: Rezvilutamide + ADT|PROCEDURE: Radical prostatectomy,Fudan University,"Jiangsu Hengrui Pharmaceutical Co., Ltd.",MALE,"ADULT, OLDER_ADULT",PHASE2,300,OTHER,INTERVENTIONAL,Allocation: RANDOMIZED | Intervention Model: PARALLEL | Masking: NONE | Primary Purpose: TREATMENT,1,1,0,,,
NCT03965468,"Immunotherapy, Chemotherapy, Radiotherapy and Surgery for Synchronous Oligo-metastatic NSCLC",https://clinicaltrials.gov/study/NCT03965468,ACTIVE_NOT_RECRUITING,Non-small Cell Lung Cancer|Stage IV|Oligometastasis,DRUG: Durvalumab|DRUG: Carboplatin|DRUG: Paclitaxel|RADIATION: Stereotactic body radiation therapy (SBRT)|PROCEDURE: Surgical resection - definitive local treatment.|RADIATION: Radical radiotherapy - definitive local treatment.|DRUG: Tremelimumab,ETOP IBCSG Partners Foundation,AstraZeneca,ALL,"ADULT, OLDER_ADULT",PHASE2,96,NETWORK,INTERVENTIONAL,Allocation: NA | Intervention Model: SINGLE_GROUP | Masking: NONE | Primary Purpose: TREATMENT,1,1,0,,,
NCT03600350,pTVG-HP and Nivolumab in Patients With Non-Metastatic PSA-Recurrent Prostate Cancer,https://clinicaltrials.gov/study/NCT03600350,ACTIVE_NOT_RECRUITING,Prostate Cancer,BIOLOGICAL: pTVG-HP|DRUG: Nivolumab|DRUG: GM-CSF,"University of Wisconsin, Madison",Bristol-Myers Squibb|Madison Vaccines Inc. (MVI)|AIQ Solutions,MALE,"ADULT, OLDER_ADULT",PHASE2,19,OTHER,INTERVENTIONAL,Allocation: NA | Intervention Model: SINGLE_GROUP | Masking: NONE | Primary Purpose: TREATMENT,1,1,0,,,
NCT03895359,Transarterial Chemoembolization (TACE) Versus TACE Plus Stereotactic Body Radiation Therapy (SBRT) in Liver Carcinoma,https://clinicaltrials.gov/study/NCT03895359,RECRUITING,Hepatocellular Carcinoma,RADIATION: Stereotactic Body Radiation|DRUG: Transarterial Chemoembolization,London Health Sciences Centre Research Institute OR Lawson Research Institute of St. Joseph's,CancerCare Manitoba,ALL,"ADULT, OLDER_ADULT",PHASE3,128,OTHER,INTERVENTIONAL,Allocation: RANDOMIZED | Intervention Model: PARALLEL | Masking: NONE | Primary Purpose: TREATMENT,1,1,0,,,
NCT06377696,Remote Cognitive Assessment and Wearable Device While Assessing the Impact of Metformin in Patients With History of Cranial Radiation Therapy,https://clinicaltrials.gov/study/NCT06377696,RECRUITING,Malignant Brain Neoplasm,OTHER: Best Practice|OTHER: Medical Device Usage and Evaluation|DRUG: Metformin|OTHER: Neurocognitive Assessment|OTHER: Questionnaire Administration,Mayo Clinic,None listed,ALL,"ADULT, OLDER_ADULT",PHASE2,100,OTHER,INTERVENTIONAL,Allocation: RANDOMIZED | Intervention Model: PARALLEL | Masking: NONE | Primary Purpose: SUPPORTIVE_CARE,1,1,0,,,
NCT04215146,A Study to Assess Overall Response Rate by Inducing an Inflammatory Phenotype in Metastatic BReast cAnCEr With the Oncolytic Reovirus PeLareorEp in CombinaTion With Anti-PD-L1 Avelumab and Paclitaxel - BRACELET-1 Study,https://clinicaltrials.gov/study/NCT04215146,ACTIVE_NOT_RECRUITING,Breast Cancer Metastatic,DRUG: Paclitaxel|BIOLOGICAL: Pelareorep|DRUG: Avelumab,Oncolytics Biotech,"PrECOG, LLC.",FEMALE,"ADULT, OLDER_ADULT",PHASE2,48,INDUSTRY,INTERVENTIONAL,Allocation: RANDOMIZED | Intervention Model: PARALLEL | Masking: NONE | Primary Purpose: TREATMENT,1,1,0,,,
NCT05253846,Short-course Radiotherapy Followed by Consolidation Chemotherapy. 2021-001206-29,https://clinicaltrials.gov/study/NCT05253846,ACTIVE_NOT_RECRUITING,Locally Advanced Rectal Cancer,DRUG: Irinotecan|DRUG: Oxaliplatin|DRUG: Lederfolin|DRUG: 5-Fluorouracil|RADIATION: Short-course radiotherapy|PROCEDURE: TME,Gruppo Oncologico del Nord-Ovest,None listed,ALL,"ADULT, OLDER_ADULT",PHASE2,63,OTHER,INTERVENTIONAL,Allocation: NA | Intervention Model: SINGLE_GROUP | Masking: NONE | Primary Purpose: TREATMENT,1,1,0,,,
NCT02416388,"Study to Improve OS in 18 to 60 Year-old Patients, Comparing Daunorubicin Versus High Dose Idarubicin Induction Regimens, High Dose Versus Intermediate Dose Cytarabine Consolidation Regimens, and Standard Versus MMF Prophylaxis of GvHD in Allografted Patients in First CR",https://clinicaltrials.gov/study/NCT02416388,RECRUITING,Acute Myeloid Leukemia (AML),DRUG: Idarubicin|DRUG: Daunorubicin|DRUG: HD Cytarabine|DRUG: Cyclosporine|DRUG: Methotrexate|DRUG: Mycophenolic acid (MPA)|DRUG: vosaroxin|DRUG: ID cytarabine|DRUG: Dexamethasone|DRUG: Venetoclax,"University Hospital, Angers",None listed,ALL,ADULT,PHASE2|PHASE3,3100,OTHER_GOV,INTERVENTIONAL,Allocation: RANDOMIZED | Intervention Model: PARALLEL | Masking: NONE | Primary Purpose: TREATMENT,1,0,0,,,
NCT03509961,"The EndRAD Trial: Eliminating Total Body Irradiation (TBI) for NGS-MRD Negative Children, Adolescents, and Young Adults With B-ALL",https://clinicaltrials.gov/study/NCT03509961,RECRUITING,B-cell Acute Lymphoblastic Leukemia,DIAGNOSTIC_TEST: NGS-MRD|DRUG: Myeloablative allogeneic HCT with a non-TBI conditioning regimen,Pediatric Transplantation & Cellular Therapy Consortium,None listed,ALL,"CHILD, ADULT",PHASE2,95,OTHER,INTERVENTIONAL,Allocation: NON_RANDOMIZED | Intervention Model: PARALLEL | Masking: NONE | Primary Purpose: TREATMENT,1,0,1,,,
NCT07292142,FMT in Triple Negative Breast Cancer Guided by ctDNA,https://clinicaltrials.gov/study/NCT07292142,NOT_YET_RECRUITING,Breast Cancer,DRUG: Fecal Microbiota Transplantation (FMT)|OTHER: No Intervention.,Jewish General Hospital,None listed,ALL,"ADULT, OLDER_ADULT",PHASE1|PHASE2,125,OTHER,INTERVENTIONAL,Allocation: NON_RANDOMIZED | Intervention Model: SEQUENTIAL | Masking: NONE | Primary Purpose: TREATMENT,1,1,0,,,
NCT05892068,A Study of Tucatinib Given Before Surgery to People With HER2+ Cancers That Have Spread to the Brain,https://clinicaltrials.gov/study/NCT05892068,ACTIVE_NOT_RECRUITING,Metastatic Breast Cancer,DRUG: Tucatinib,Memorial Sloan Kettering Cancer Center,Pfizer|Seagen Inc.,FEMALE,"ADULT, OLDER_ADULT",PHASE2,9,OTHER,INTERVENTIONAL,Allocation: NON_RANDOMIZED | Intervention Model: PARALLEL | Masking: NONE | Primary Purpose: TREATMENT,1,1,0,,,
NCT06131450,A Study of BL-M07D1 in Patients With HER2-expressing Recurrent or Metastatic Gynecologic Malignancies,https://clinicaltrials.gov/study/NCT06131450,RECRUITING,Gynecological Malignancies,DRUG: BL-M07D1,"Sichuan Baili Pharmaceutical Co., Ltd.","Baili-Bio (Chengdu) Pharmaceutical Co., Ltd.",FEMALE,"ADULT, OLDER_ADULT",PHASE1|PHASE2,138,INDUSTRY,INTERVENTIONAL,Allocation: NA | Intervention Model: SINGLE_GROUP | Masking: NONE | Primary Purpose: TREATMENT,1,1,0,,,
NCT05455918,Paclitaxel/Ifosfamide/Cisplatin Chemotherapy for High Risk Pediatric Germ Cell Tumor,https://clinicaltrials.gov/study/NCT05455918,RECRUITING,Pediatric Germ Cell Tumor,DRUG: TIP treatment (paclitaxel/ifosfamide/cisplatin),Yonsei University,None listed,MALE,"CHILD, ADULT",PHASE2,42,OTHER,INTERVENTIONAL,Allocation: NA | Intervention Model: SINGLE_GROUP | Masking: NONE | Primary Purpose: TREATMENT,1,0,1,,,
NCT06007690,"A Phase 3 Randomized, Masked, Controlled Trial to Evaluate Efficacy and Safety of Belzupacap Sarotalocan (AU-011) Treatment Compared to Sham Control in Subjects With Primary Indeterminate Lesions or Small Choroidal Melanoma",https://clinicaltrials.gov/study/NCT06007690,ACTIVE_NOT_RECRUITING,Choroidal Melanoma|Indeterminate Lesions|Uveal Melanoma|Ocular Melanoma,DRUG: Bel-sar|DEVICE: Suprachoroidal Microinjector|DEVICE: Infrared Laser|DEVICE: Sham Infrared Laser|DEVICE: Sham Microinjector,Aura Biosciences,None listed,ALL,"ADULT, OLDER_ADULT",PHASE3,108,INDUSTRY,INTERVENTIONAL,"Allocation: RANDOMIZED | Intervention Model: PARALLEL | Masking: DOUBLE (PARTICIPANT, OUTCOMES_ASSESSOR) | Primary Purpose: TREATMENT",1,1,0,,,
NCT07586813,Romiplostim N01 Plus ATRA for Persistent Isolated Chemotherapy-Induced Thrombocytopenia After Complete Remission of Gastrointestinal Solid Tumors,https://clinicaltrials.gov/study/NCT07586813,RECRUITING,Persistent Isolated Chemotherapy-Induced Thrombocytopenia|Chemotherapy-Induced Thrombocytopenia|Gastrointestinal Neoplasms|Pancreatic Cancer|Colorectal Cancer,DRUG: Romiplostim N01|DRUG: All-trans retinoic acid,Peking University People's Hospital,"Peking University Cancer Hospital and Institute|Cancer Institute and Hospital, Chinese Academy of Medical Sciences|Peking University International Hospital|Shanxi Province Cancer Hospital|Henan Provincial People's Hospital|China-Japan Union Hospital, Sun Yat-sen University Cancer Center|Hebei Medical University Fourth Hospital|Tianjin Medical University Cancer Institute and Hospital",ALL,"ADULT, OLDER_ADULT",PHASE2,220,OTHER,INTERVENTIONAL,Allocation: RANDOMIZED | Intervention Model: PARALLEL | Masking: NONE | Primary Purpose: TREATMENT,1,1,0,,,
NCT07007182,Conversion Therapy Plus Surgery and Radiotherapy for Retroperitoneal Nodal Metastases in Gastric Cancer,https://clinicaltrials.gov/study/NCT07007182,RECRUITING,Gastric Adenocarcinoma|Stomach Neoplasms,DRUG: SOX regimen|DRUG: CAPEOX regimen|DRUG: PD-1 inhibitor|RADIATION: Para-aortic lymph node radiotherapy (IMRT to station 16)|DRUG: Capecitabine / S-1 (radiosensitizer during IMRT),Jinbo Yue,None listed,ALL,"ADULT, OLDER_ADULT",PHASE2,54,OTHER,INTERVENTIONAL,Allocation: RANDOMIZED | Intervention Model: PARALLEL | Masking: NONE | Primary Purpose: TREATMENT,1,1,0,,,
NCT03356782,Safety and Efficacy Evaluation of 4th Generation Safety-engineered CAR T Cells Targeting Sarcomas,https://clinicaltrials.gov/study/NCT03356782,NOT_YET_RECRUITING,Sarcoma|Osteoid Sarcoma|Ewing Sarcoma,BIOLOGICAL: Sarcoma-specific CAR-T cells,Shenzhen Geno-Immune Medical Institute,None listed,ALL,"CHILD, ADULT, OLDER_ADULT",PHASE1|PHASE2,20,OTHER,INTERVENTIONAL,Allocation: NA | Intervention Model: SINGLE_GROUP | Masking: NONE | Primary Purpose: TREATMENT,1,1,1,,,
NCT07066982,Sequential Infusion of CD146-Targeted and HER2-Targeted CAR T Cells in Patients With Advanced Sarcomas,https://clinicaltrials.gov/study/NCT07066982,RECRUITING,"Sarcoma|Sarcoma, Kaposi|Sarcoma, Ewing|Sarcoma,Soft Tissue|Sarcoma of Bone and Connective Tissue|Sarcoma, Synovial|Sarcoma Metastatic|Sarcomas, Germinoblastic|Sarcoma of Bone",BIOLOGICAL: CD146/HER2 CAR-T cells,Essen Biotech,None listed,ALL,"ADULT, OLDER_ADULT",PHASE1|PHASE2,60,OTHER,INTERVENTIONAL,Allocation: NA | Intervention Model: SINGLE_GROUP | Masking: NONE | Primary Purpose: TREATMENT,1,1,0,,,
NCT04606446,Study of PF-07248144 in Advanced or Metastatic Solid Tumors,https://clinicaltrials.gov/study/NCT04606446,RECRUITING,Locally Advanced or Metastatic ER+ HER2- Breast Cancer|Locally Advanced or Metastatic Castration-resistant Prostate Cancer|Locally Advanced or Metastatic Non-small Cell Lung Cancer,"DRUG: PF-07248144|DRUG: Fulvestrant|DRUG: Letrozole|DRUG: Palbociclib|DRUG: PF-07220060|DRUG: PF-07850327, ARV-471, vepdegestrant",Pfizer,None listed,ALL,"ADULT, OLDER_ADULT",PHASE2,320,INDUSTRY,INTERVENTIONAL,Allocation: NON_RANDOMIZED | Intervention Model: SEQUENTIAL | Masking: NONE | Primary Purpose: TREATMENT,1,1,0,,,
NCT07694427,Mo-Rez in First- Line (1L) Maintenance Treatment of Non-Homologous Recombination Deficient Ovarian Cancer (Non-HRd OC) [BEHOLD-Ovarian03],https://clinicaltrials.gov/study/NCT07694427,NOT_YET_RECRUITING,Ovarian Neoplasms,DRUG: Mocertatug rezetecan|DRUG: Bevacizumab,GlaxoSmithKline,"ENGOT, GOG, APGOT",FEMALE,"ADULT, OLDER_ADULT",PHASE3,720,INDUSTRY,INTERVENTIONAL,Allocation: RANDOMIZED | Intervention Model: PARALLEL | Masking: NONE | Primary Purpose: TREATMENT,1,1,0,,,
NCT06599827,Neoadjuvant Moderately Hypofractionated Radiotherapy Combined with Chemotherapy and Immunotherapy for High-risk LARC,https://clinicaltrials.gov/study/NCT06599827,NOT_YET_RECRUITING,Rectal Cancer,RADIATION: moderately hypofractionated radiotherapy|DRUG: chemotherapy|DRUG: immunotherapy|PROCEDURE: Total mesorectal excision (TME) surgery,Shanghai Zhongshan Hospital,None listed,ALL,"ADULT, OLDER_ADULT",PHASE2,54,OTHER,INTERVENTIONAL,Allocation: NA | Intervention Model: SINGLE_GROUP | Masking: NONE | Primary Purpose: TREATMENT,1,1,0,,,
NCT06172127,PHESGO Maintenance After T-DXd Short Induction for HER2+ Unresectable Locally Recurrent or Metastatic Breast Cancer,https://clinicaltrials.gov/study/NCT06172127,ACTIVE_NOT_RECRUITING,HER2-positive Breast Cancer,"DRUG: Trastuzumab deruxtecan|DRUG: Phesgo 1,200 MG / 600 MG / 30,000 UNT Per 15 ML Injection|DRUG: Phesgo 600 MG / 600 MG / 20,000 UNT in 10 mL Injection",MedSIR,Hoffmann-La Roche,ALL,"ADULT, OLDER_ADULT",PHASE2,165,OTHER,INTERVENTIONAL,Allocation: NA | Intervention Model: SINGLE_GROUP | Masking: NONE | Primary Purpose: TREATMENT,1,1,0,,,
NCT06467097,Systemic Treatment Alone Versus Systemic Treatment Plus Radiotherapy in Oligometastatic Renal Cell Carcinoma,https://clinicaltrials.gov/study/NCT06467097,RECRUITING,Kidney Neoplasm,RADIATION: SBRT(Stereotatic Body Radiation Therapy),Samsung Medical Center,None listed,ALL,"ADULT, OLDER_ADULT",PHASE3,88,OTHER,INTERVENTIONAL,Allocation: RANDOMIZED | Intervention Model: PARALLEL | Masking: NONE | Primary Purpose: TREATMENT,1,1,0,,,
NCT04939610,A Study of 177Lu-FAP-2286 in Advanced Solid Tumors,https://clinicaltrials.gov/study/NCT04939610,RECRUITING,Solid Tumor,DRUG: 68Ga-FAP-2286|DRUG: 177Lu-FAP-2286,Novartis Pharmaceuticals,None listed,ALL,"ADULT, OLDER_ADULT",PHASE1|PHASE2,222,INDUSTRY,INTERVENTIONAL,Allocation: NON_RANDOMIZED | Intervention Model: SEQUENTIAL | Masking: NONE | Primary Purpose: TREATMENT,1,1,0,,,
NCT05979610,Using Reiki Therapy to Improve Symptoms Associated With Brachytherapy in Patients With Gynecological Malignancies,https://clinicaltrials.gov/study/NCT05979610,RECRUITING,Gynecologic Neoplasm|Brachytherapy|Therapeutic Touch|Endometrial Cancer|Cervical Cancer|Vaginal Cancer|Vulvar Cancer,OTHER: Reiki therapy,University of Utah,None listed,FEMALE,"ADULT, OLDER_ADULT",PHASE2,70,OTHER,INTERVENTIONAL,Allocation: RANDOMIZED | Intervention Model: PARALLEL | Masking: NONE | Primary Purpose: TREATMENT,1,1,0,,,
NCT06683703,Utidelone Injection Combined with Bevacizumab Injection for Non-small Cell Lung Cancer Patients with Brain Metastases,https://clinicaltrials.gov/study/NCT06683703,NOT_YET_RECRUITING,Non-small Cell Lung Cancer Patients with Brain Metastases,DRUG: Utidelone combined with Bevacizumab|DRUG: Utidelone|DRUG: Utidelone combined with Bevacizumab|DRUG: Utidelone combined with Bevacizumab,"Beijing Biostar Pharmaceuticals Co., Ltd.",None listed,ALL,"ADULT, OLDER_ADULT",PHASE2,118,INDUSTRY,INTERVENTIONAL,Allocation: RANDOMIZED | Intervention Model: FACTORIAL | Masking: NONE | Primary Purpose: TREATMENT,1,1,0,,,
NCT07475403,Urinary Tumor DNA-Guided Systemic Immunotherapy for Unresectable Very-High-Risk Non-Muscle-Invasive Bladder Cancer,https://clinicaltrials.gov/study/NCT07475403,RECRUITING,Bladder Cancer|Liquid Biopsy|Immunotherapy,DRUG: Systemic immunotherapy,Tianjin Medical University Second Hospital,None listed,ALL,"ADULT, OLDER_ADULT",PHASE2,53,OTHER,INTERVENTIONAL,Allocation: NA | Intervention Model: SINGLE_GROUP | Masking: NONE | Primary Purpose: TREATMENT,1,1,0,,,
NCT06607627,"PK, PD, Safety, and Efficacy Study of Gefurulimab in Pediatric Patients With AChR+ Generalized Myasthenia Gravis",https://clinicaltrials.gov/study/NCT06607627,RECRUITING,Generalized Myasthenia Gravis|gMG,COMBINATION_PRODUCT: Gefurulimab,"Alexion Pharmaceuticals, Inc.",None listed,ALL,CHILD,PHASE3,12,INDUSTRY,INTERVENTIONAL,Allocation: NA | Intervention Model: SINGLE_GROUP | Masking: NONE | Primary Purpose: TREATMENT,0,0,1,,,
NCT07115927,pReOperative Dostarlimab and Novel Therapies in EndOmetrial Cancer,https://clinicaltrials.gov/study/NCT07115927,NOT_YET_RECRUITING,Endometrial Cancer,DRUG: Dostarlimab,"University College, London",GlaxoSmithKline,FEMALE,"ADULT, OLDER_ADULT",PHASE2,40,OTHER,INTERVENTIONAL,Allocation: NA | Intervention Model: SINGLE_GROUP | Masking: NONE | Primary Purpose: TREATMENT,1,1,0,,,
NCT04760327,Electrochemotherapy of Gynecological Cancers,https://clinicaltrials.gov/study/NCT04760327,RECRUITING,Gynecological Cancers,COMBINATION_PRODUCT: Electrochemotherapy with bleomycin or cisplatin,Institute of Oncology Ljubljana,None listed,FEMALE,"ADULT, OLDER_ADULT",PHASE2,30,OTHER,INTERVENTIONAL,Allocation: NA | Intervention Model: SINGLE_GROUP | Masking: NONE | Primary Purpose: TREATMENT,1,1,0,,,
NCT02567435,Combination Chemotherapy With or Without Temsirolimus in Treating Patients With Intermediate Risk Rhabdomyosarcoma,https://clinicaltrials.gov/study/NCT02567435,ACTIVE_NOT_RECRUITING,Alveolar Rhabdomyosarcoma|Botryoid-Type Embryonal Rhabdomyosarcoma|Embryonal Rhabdomyosarcoma|Rhabdomyosarcoma|Sclerosing Rhabdomyosarcoma|Spindle Cell Rhabdomyosarcoma,DRUG: Cyclophosphamide|BIOLOGICAL: Dactinomycin|DRUG: Irinotecan Hydrochloride|OTHER: Laboratory Biomarker Analysis|OTHER: Questionnaire Administration|RADIATION: Radiation Therapy|DRUG: Temsirolimus|DRUG: Vincristine Sulfate|DRUG: Vinorelbine,National Cancer Institute (NCI),None listed,ALL,"CHILD, ADULT",PHASE3,325,NIH,INTERVENTIONAL,Allocation: RANDOMIZED | Intervention Model: PARALLEL | Masking: NONE | Primary Purpose: TREATMENT,1,0,1,,,
NCT06208150,"A Study Comparing Talquetamab Plus Pomalidomide, Talquetamab Plus Teclistamab, and Elotuzumab, Pomalidomide, and Dexamethasone or Pomalidomide, Bortezomib, and Dexamethasone in Participants With Relapsed or Refractory Myeloma Who Have Received an Anti-CD38 Antibody and Lenalidomide",https://clinicaltrials.gov/study/NCT06208150,ACTIVE_NOT_RECRUITING,Multiple Myeloma,DRUG: Talquetamab|DRUG: Pomalidomide|DRUG: Teclistamab|DRUG: Elotuzumab|DRUG: Dexamethasone|DRUG: Bortezomib,"Janssen Research & Development, LLC",None listed,ALL,"ADULT, OLDER_ADULT",PHASE3,838,INDUSTRY,INTERVENTIONAL,Allocation: RANDOMIZED | Intervention Model: PARALLEL | Masking: NONE | Primary Purpose: TREATMENT,1,1,0,,,
NCT06057610,A Phase III Study of SHR-A1811 Injection With or Without Pertuzumab in HER2-Positive Recurrent or Metastatic Breast Cancer,https://clinicaltrials.gov/study/NCT06057610,ACTIVE_NOT_RECRUITING,HER2-PositiveRecurrent or Metastatic Breast Cancer,DRUG: SHR-A1811 Injection|DRUG: SHR-A1811 Injection ； Pertuzumab Injection|DRUG: Trastuzumab Injection；Pertuzumab Injection ； Docetaxel Injection,"Jiangsu HengRui Medicine Co., Ltd.",None listed,FEMALE,"ADULT, OLDER_ADULT",PHASE3,868,INDUSTRY,INTERVENTIONAL,Allocation: RANDOMIZED | Intervention Model: PARALLEL | Masking: NONE | Primary Purpose: TREATMENT,1,1,0,,,
NCT07530224,JAK Inhibitors for Solid Malignant Tumor Patients With Refractory Immune Checkpoint Inhibitors-related Dermatitis,https://clinicaltrials.gov/study/NCT07530224,NOT_YET_RECRUITING,Immune Checkpoint Inhibitor-Induced Dermatitis,DRUG: treated with JAK inhibitors orally for 28 days,Shixiu Wu,None listed,ALL,"ADULT, OLDER_ADULT",PHASE2,35,OTHER,INTERVENTIONAL,Allocation: NA | Intervention Model: SINGLE_GROUP | Masking: NONE | Primary Purpose: TREATMENT,1,1,0,,,
NCT07182708,High-Dose Firmonertinib Plus Bevacizumab as Neoadjuvant Therapy for Resectable EGFRm Stage II-IIIB NSCLC,https://clinicaltrials.gov/study/NCT07182708,NOT_YET_RECRUITING,NSCLC (Non-small Cell Lung Cancer)|EGFR Activating Mutation|Resectable Lung Non-Small Cell Carcinoma,DRUG: Firmonertinib Mesilate Tablets|DRUG: Bevacizumab injection,Peking University Cancer Hospital & Institute,None listed,ALL,"ADULT, OLDER_ADULT",PHASE2,62,OTHER,INTERVENTIONAL,Allocation: NA | Intervention Model: SINGLE_GROUP | Masking: NONE | Primary Purpose: TREATMENT,1,1,0,,,
NCT06258525,SAMe in Prevention of Oxaliplatin-associated Liver Injury,https://clinicaltrials.gov/study/NCT06258525,NOT_YET_RECRUITING,"Colorectal Cancer|Liver Metastases|Liver Metastasis Colon Cancer|Liver Injury|Sinusoidal Obstruction Syndrome|5-Fluorouracil Toxicity|Liver Toxicity, Chemically-Induced",RADIATION: Standard of care oxaliplatin-based chemotherapy|DIETARY_SUPPLEMENT: S-adenosylmethionine (SAMe) supplement|PROCEDURE: Surgery,Cedars-Sinai Medical Center,Jarrow Formulas Inc,ALL,"ADULT, OLDER_ADULT",PHASE2,30,OTHER,INTERVENTIONAL,Allocation: NA | Intervention Model: SINGLE_GROUP | Masking: NONE | Primary Purpose: SUPPORTIVE_CARE,1,1,0,,,
NCT07328217,A Phase 1/2 Study of GW5282 in Participants With Advanced Solid Tumors,https://clinicaltrials.gov/study/NCT07328217,RECRUITING,Advanced Solid Tumors,DRUG: GW5282|DRUG: GW5282,Dizal Pharmaceuticals,None listed,ALL,"ADULT, OLDER_ADULT",PHASE1|PHASE2,203,INDUSTRY,INTERVENTIONAL,Allocation: NA | Intervention Model: SINGLE_GROUP | Masking: NONE | Primary Purpose: TREATMENT,1,1,0,,,
NCT07284589,Ultralow Dose PET Imaging of SSTR2 Radiotracer Uptake,https://clinicaltrials.gov/study/NCT07284589,RECRUITING,Healthy (Controls)|Healthy Volunteers|Neuroendocrine (NE) Tumors,DRUG: 68Ga-Dotatate,Akiva Mintz,None listed,ALL,"ADULT, OLDER_ADULT",PHASE2,200,OTHER,INTERVENTIONAL,Allocation: NA | Intervention Model: SINGLE_GROUP | Masking: NONE | Primary Purpose: DIAGNOSTIC,1,1,0,,,
NCT06749691,Liposomal Irinotecan and Apatinib in ES-SCLC,https://clinicaltrials.gov/study/NCT06749691,RECRUITING,Small Cell Lung Cancer Extensive Stage,DRUG: Liposomal Irinotecan and Apatinib,"Second Affiliated Hospital, Zhejiang University, School of Medicine",None listed,ALL,"ADULT, OLDER_ADULT",PHASE2,30,OTHER,INTERVENTIONAL,Allocation: NA | Intervention Model: SINGLE_GROUP | Masking: NONE | Primary Purpose: TREATMENT,1,1,0,,,
NCT06587490,Total RadIoTherapy of Oligometastatic caNcerS,https://clinicaltrials.gov/study/NCT06587490,RECRUITING,Oligometastatic Malignant Solid Neoplasm,RADIATION: stereotactic ablative radiotherapy,"University of California, San Diego",None listed,ALL,"ADULT, OLDER_ADULT",PHASE3,300,OTHER,INTERVENTIONAL,Allocation: RANDOMIZED | Intervention Model: PARALLEL | Masking: NONE | Primary Purpose: TREATMENT,1,1,0,,,
NCT06719479,A Clinical Trial to Evaluate Effect of IAE0972 Combined with Chemotherapy for R/M HNSCC or NPC(Note: It is Currently Phase II.).,https://clinicaltrials.gov/study/NCT06719479,NOT_YET_RECRUITING,NPC|HNSCC|Recurrence|Metastasis,BIOLOGICAL: IAE0972+ Methotrexate|BIOLOGICAL: IAE0972+Docetaxel|BIOLOGICAL: IAE0972+Gemcitabine|BIOLOGICAL: IAE0972+Taxanes|BIOLOGICAL: IAE0972+Capecitabine,"SUNHO（China）BioPharmaceutical CO., Ltd.",None listed,ALL,"ADULT, OLDER_ADULT",PHASE2|PHASE3,60,INDUSTRY,INTERVENTIONAL,Allocation: NON_RANDOMIZED | Intervention Model: SINGLE_GROUP | Masking: NONE | Primary Purpose: TREATMENT,1,1,0,,,
NCT05669846,Study of Healthy Donor FMT (hdFMT) and Pembrolizumab in Relapsed/Refractory (R/R) PD-L1 Positive NSCLC,https://clinicaltrials.gov/study/NCT05669846,RECRUITING,Non Small Cell Lung Cancer,DRUG: Healthy Donor Fecal Microbiota Transplant (hdFMT)|DRUG: Pembrolizumab,Diwakar Davar,Gateway for Cancer Research,ALL,"ADULT, OLDER_ADULT",PHASE2,26,OTHER,INTERVENTIONAL,Allocation: NA | Intervention Model: SINGLE_GROUP | Masking: NONE | Primary Purpose: TREATMENT,1,1,0,,,
NCT07041788,Iparomlimab and Tuvonralimab Combined With SFRT and Definitive Chemoradiotherapy in Locoregionally Advanced Bulky HNSCC,https://clinicaltrials.gov/study/NCT07041788,NOT_YET_RECRUITING,Cancer,DRUG: Iparomlimab and Tuvonralimab Injection,Second Affiliated Hospital of Nanchang University,"Qilu Pharmaceutical Co., Ltd.",ALL,"ADULT, OLDER_ADULT",PHASE2,25,OTHER,INTERVENTIONAL,Allocation: NA | Intervention Model: SINGLE_GROUP | Masking: NONE | Primary Purpose: TREATMENT,1,1,0,,,
NCT05979961,Phase III Trial of Concurrent Chemotherapy Alone in Patients With Low-risk Nasopharyngeal Carcinoma,https://clinicaltrials.gov/study/NCT05979961,ACTIVE_NOT_RECRUITING,Nasopharyngeal Carcinoma,RADIATION: IMRT and concurrent cisplatin|DRUG: gemcitabine and cisplatin (Induction chemotherapy),Sun Yat-sen University,"First Affiliated Hospital of Guangxi Medical University|Zhongshan People's Hospital, Guangdong, China|Union Hospital, Tongji Medical College, Huazhong University of Science and Technology|Tongji Hospital|Guangzhou Panyu Central Hospital|Hunan Cancer Hospital|Cancer Hospital of Guizhou Province",ALL,"ADULT, OLDER_ADULT",PHASE3,464,OTHER,INTERVENTIONAL,Allocation: RANDOMIZED | Intervention Model: PARALLEL | Masking: NONE | Primary Purpose: TREATMENT,1,1,0,,,
NCT06514508,Mobilization of Stem Cells With Motixafortide (BL-8040) in Combination With G-CSF in Multiple Myeloma Patients,https://clinicaltrials.gov/study/NCT06514508,RECRUITING,Multiple Myeloma,DRUG: Motixafortide+G-CSF|DRUG: Placebo+G-CSF,"Guangzhou Gloria Biosciences Co., Ltd.",None listed,ALL,"ADULT, OLDER_ADULT",PHASE3,60,INDUSTRY,INTERVENTIONAL,"Allocation: RANDOMIZED | Intervention Model: PARALLEL | Masking: TRIPLE (PARTICIPANT, INVESTIGATOR, OUTCOMES_ASSESSOR) | Primary Purpose: TREATMENT",1,1,0,,,
NCT07291076,A Study to Evaluate the Safety and Tolerability of Pumitamig Alone or In Combination With Ipilimumab in Participants With First-Line Advanced or Unresectable Hepatocellular Carcinoma (HCC) (ROSETTA HCC-206),https://clinicaltrials.gov/study/NCT07291076,RECRUITING,Hepatocellular Carcinoma (HCC),DRUG: Pumitamig|DRUG: Ipilimumab,Bristol-Myers Squibb,BioNTech SE,ALL,"ADULT, OLDER_ADULT",PHASE1|PHASE2,198,INDUSTRY,INTERVENTIONAL,Allocation: RANDOMIZED | Intervention Model: PARALLEL | Masking: NONE | Primary Purpose: TREATMENT,1,1,0,,,
NCT07548450,Mosunetuzumab in Combination With Pirtobrutinib in Patients With Relapsed or Refractory Waldenstrom Macroglobulinemia (MPOWER),https://clinicaltrials.gov/study/NCT07548450,NOT_YET_RECRUITING,Waldenstrom Macroglobulinemia,DRUG: Pirtobrutinib|DRUG: Mosunetuzumab,University of Utah,"Genentech, Inc.|Eli Lilly and Company",ALL,"ADULT, OLDER_ADULT",PHASE2,25,OTHER,INTERVENTIONAL,Allocation: NON_RANDOMIZED | Intervention Model: SEQUENTIAL | Masking: NONE | Primary Purpose: TREATMENT,1,1,0,,,
NCT07244874,Sac-TMT Combined With Toripalimab for First-line Treatment of PD-L1 Positive a/mTNBC,https://clinicaltrials.gov/study/NCT07244874,NOT_YET_RECRUITING,TNBC - Triple-Negative Breast Cancer|PD-L1 Positive,DRUG: Sacituzumab tirumotecan|DRUG: Toripalimab,Tianjin Medical University Cancer Institute and Hospital,"Southwest Hospital, China",FEMALE,"ADULT, OLDER_ADULT",PHASE2,41,OTHER,INTERVENTIONAL,Allocation: NA | Intervention Model: SINGLE_GROUP | Masking: NONE | Primary Purpose: TREATMENT,1,1,0,,,
NCT07213674,A Study of Xaluritamig Plus Abiraterone Versus Investigator's Choice in Participants With Chemotherapy-naïve Metastatic Castration-resistant Prostate Cancer,https://clinicaltrials.gov/study/NCT07213674,RECRUITING,Metastatic Castration-resistant Prostate Cancer,DRUG: Xaluritamig|DRUG: Abiraterone acetate|DRUG: Docetaxel|DRUG: Cabazitaxel,Amgen,None listed,MALE,"ADULT, OLDER_ADULT",PHASE3,750,INDUSTRY,INTERVENTIONAL,Allocation: RANDOMIZED | Intervention Model: PARALLEL | Masking: NONE | Primary Purpose: TREATMENT,1,1,0,,,
NCT05377996,A Study of Emiltatug Ledadotin (Emi-Le) in Participants With Solid Tumors,https://clinicaltrials.gov/study/NCT05377996,RECRUITING,Triple Negative Breast Cancer|Breast Cancer|Endometrial Cancer|Ovarian Cancer|Fallopian Tube Cancer|Primary Peritoneal Cavity Cancer|Adenoid Cystic Carcinoma,DRUG: Emi-Le,"Day One Biopharmaceuticals, Inc.",None listed,ALL,"ADULT, OLDER_ADULT",PHASE1|PHASE2,360,INDUSTRY,INTERVENTIONAL,Allocation: NA | Intervention Model: SINGLE_GROUP | Masking: NONE | Primary Purpose: TREATMENT,1,1,0,,,
NCT04223596,Clinical Utility of Liquid Biopsy in Brigatinib ALK+ Patients,https://clinicaltrials.gov/study/NCT04223596,ACTIVE_NOT_RECRUITING,Lung Cancer|NSCLC|NSCLC Stage IIIB|NSCLC Stage IV,DRUG: Brigatinib,Fundación GECP,None listed,ALL,"ADULT, OLDER_ADULT",PHASE2,33,OTHER,INTERVENTIONAL,Allocation: NA | Intervention Model: SINGLE_GROUP | Masking: NONE | Primary Purpose: TREATMENT,1,1,0,,,
NCT03945162,"Intravesical Photodynamic Therapy (""PDT"") in BCG-Unresponsive/Intolerant Non-Muscle Invasive Bladder Cancer (""NMIBC"") Patients",https://clinicaltrials.gov/study/NCT03945162,RECRUITING,"Non-Muscle Invasive Bladder Cancer (""NMIBC"") Unresponsive/Intolerant to BCG",COMBINATION_PRODUCT: Ruvidar® (TLD-1433) bladder infusion and PDT,Theralase® Technologies Inc.,None listed,ALL,"ADULT, OLDER_ADULT",PHASE2,90,INDUSTRY,INTERVENTIONAL,Allocation: NA | Intervention Model: SINGLE_GROUP | Masking: NONE | Primary Purpose: TREATMENT,1,1,0,,,
NCT06069726,A Multicenter Trial to Identify Optimal Atezolizumab Biomarkers in the Setting of Recurrent Glioblastoma. The MOAB Trial,https://clinicaltrials.gov/study/NCT06069726,RECRUITING,Recurrent Glioblastoma,DRUG: Atezolizumab,Duke University,None listed,ALL,"ADULT, OLDER_ADULT",PHASE2,80,OTHER,INTERVENTIONAL,Allocation: NA | Intervention Model: SINGLE_GROUP | Masking: NONE | Primary Purpose: TREATMENT,1,1,0,,,
NCT05592015,Ruxolitinib for the Treatment of T-Cell Large Granular Lymphocytic Leukemia,https://clinicaltrials.gov/study/NCT05592015,RECRUITING,T-Cell Large Granular Lymphocyte Leukemia,DRUG: Ruxolitinib,Jonathan Brammer,None listed,ALL,"ADULT, OLDER_ADULT",PHASE2,30,OTHER,INTERVENTIONAL,Allocation: NA | Intervention Model: SINGLE_GROUP | Masking: NONE | Primary Purpose: TREATMENT,1,1,0,,,
NCT06797635,"Study of Patritumab Deruxtecan Plus Pembrolizumab With Other Anticancer Agents in Participants With High-Risk Early-Stage Triple-Negative or Hormone Receptor-Low Positive/HER-2 Negative Breast Cancer (MK-1022-010, HERTHENA-Breast-03)",https://clinicaltrials.gov/study/NCT06797635,RECRUITING,Breast Neoplasms|Breast Cancer,BIOLOGICAL: Patritumab deruxtecan|BIOLOGICAL: Pembrolizumab|DRUG: Paclitaxel|DRUG: Carboplatin|DRUG: Doxorubicin hydrochloride|DRUG: Epirubicin hydrochloride|DRUG: Cyclophosphamide|DRUG: Capecitabine|DRUG: Olaparib,Merck Sharp & Dohme LLC,Daiichi Sankyo,ALL,"ADULT, OLDER_ADULT",PHASE2,372,INDUSTRY,INTERVENTIONAL,Allocation: RANDOMIZED | Intervention Model: PARALLEL | Masking: NONE | Primary Purpose: TREATMENT,1,1,0,,,
NCT06078813,Spine SABR - Dose-escalated Stereotactic Ablative Body Radiotherapy (SABR) for Solid Tumour Spine Metastases,https://clinicaltrials.gov/study/NCT06078813,RECRUITING,Solid Tumor Spine Metastases,RADIATION: Radiation: image guided dose escalated SABR using a simultaneous integrated boost (SIB),Cancer Trials Ireland,None listed,ALL,"ADULT, OLDER_ADULT",PHASE1|PHASE2,126,NETWORK,INTERVENTIONAL,Allocation: NON_RANDOMIZED | Intervention Model: PARALLEL | Masking: NONE | Primary Purpose: TREATMENT,1,1,0,,,
NCT06071013,Nintedanib Plus EGFR TKI In EGFR-mutated Non-small Cell Lung Cancer Patients,https://clinicaltrials.gov/study/NCT06071013,RECRUITING,Non-small Cell Lung Cancer|EGFR Gene Mutation|EGFR-TKI Resistant Mutation,"DRUG: Nintedanib, gefitinib, erlotinib, afatinib, osimertinib",China Medical University Hospital,"China Medical University, Taiwan",ALL,"ADULT, OLDER_ADULT",PHASE1|PHASE2,20,OTHER,INTERVENTIONAL,Allocation: NA | Intervention Model: SINGLE_GROUP | Masking: NONE | Primary Purpose: TREATMENT,1,1,0,,,
NCT07113613,Prospective Study on Exemption of Tumor Bed Boost Radiotherapy for pCR Patients After Breast Conserving Surgery With Neoadjuvant Therapy,https://clinicaltrials.gov/study/NCT07113613,RECRUITING,Breast Cancer,RADIATION: Exemption from additional radiotherapy on the tumor bed after surgery,The First Affiliated Hospital with Nanjing Medical University,None listed,FEMALE,"ADULT, OLDER_ADULT",PHASE2,150,OTHER,INTERVENTIONAL,Allocation: NA | Intervention Model: SINGLE_GROUP | Masking: NONE | Primary Purpose: TREATMENT,1,1,0,,,
NCT03641313,"Berzosertib and Irinotecan in Treating Patients With Progressive, Metastatic, or Unresectable TP53 Mutant Gastric or Gastroesophageal Junction Cancer",https://clinicaltrials.gov/study/NCT03641313,ACTIVE_NOT_RECRUITING,Clinical Stage III Gastric Cancer AJCC v8|Clinical Stage III Gastroesophageal Junction Adenocarcinoma AJCC v8|Clinical Stage IV Gastric Cancer AJCC v8|Clinical Stage IV Gastroesophageal Junction Adenocarcinoma AJCC v8|Metastatic Gastric Adenocarcinoma|Metastatic Gastroesophageal Junction Adenocarcinoma|Unresectable Gastric Adenocarcinoma|Unresectable Gastroesophageal Junction Adenocarcinoma,DRUG: Berzosertib|PROCEDURE: Computed Tomography Assisted Biopsy|PROCEDURE: Endoscopic Biopsy|DRUG: Irinotecan|PROCEDURE: Magnetic Resonance Imaging,National Cancer Institute (NCI),None listed,ALL,"ADULT, OLDER_ADULT",PHASE2,17,NIH,INTERVENTIONAL,Allocation: NA | Intervention Model: SINGLE_GROUP | Masking: NONE | Primary Purpose: TREATMENT,1,1,0,,,
NCT04711824,Study of Stereotactic Radiosurgery With Olaparib Followed by Durvalumab and Physician's Choice Systemic Therapy in Subjects With Breast Cancer Brain Metastases,https://clinicaltrials.gov/study/NCT04711824,ACTIVE_NOT_RECRUITING,"Breast Cancer|Brain Metastases, Adult",DRUG: Olaparib|RADIATION: Stereotactic Radiosurgery|DRUG: Durvalumab|DRUG: Physicians Choice systemic chemotherapy,Colette Shen,"AstraZeneca|University of North Carolina, Chapel Hill",ALL,"ADULT, OLDER_ADULT",PHASE1|PHASE2,41,OTHER,INTERVENTIONAL,Allocation: NA | Intervention Model: SINGLE_GROUP | Masking: NONE | Primary Purpose: TREATMENT,1,1,0,,,
NCT03817320,PO Ixazomib in Combination With Chemotherapy for Childhood Relapsed or Refractory Acute Lymphoblastic Leukemia and Lymphoblastic Lymphoma,https://clinicaltrials.gov/study/NCT03817320,ACTIVE_NOT_RECRUITING,"ALL, Childhood|Lymphoblastic Lymphoma, Childhood|Lymphoblastic Leukemia, Acute, Childhood","DRUG: Ixazomib|DRUG: Vincristine|DRUG: Dexamethasone|DRUG: Asparaginase|DRUG: Doxorubicin|DRUG: Methotrexate (IT)|DRUG: Triple IT (Methotrexate, Hydrocortisone, Cytarabine)|DRUG: Leucovorin",Therapeutic Advances in Childhood Leukemia Consortium,Takeda|Children's Hospital Los Angeles,ALL,"CHILD, ADULT",PHASE1|PHASE2,24,OTHER,INTERVENTIONAL,Allocation: NON_RANDOMIZED | Intervention Model: SINGLE_GROUP | Masking: NONE | Primary Purpose: TREATMENT,1,0,1,,,
NCT02493582,The Study of Apatinib Plus CIK as the Third Line Therapy for Advanced Lung Adenocarcinoma Patients With Wild-Type EGFR,https://clinicaltrials.gov/study/NCT02493582,ACTIVE_NOT_RECRUITING,Adenocarcinoma of Lung,BIOLOGICAL: Cytokine-Induced Killer Cells|DRUG: Apatinib,The First People's Hospital of Changzhou,None listed,ALL,"ADULT, OLDER_ADULT",PHASE2,400,OTHER,INTERVENTIONAL,Allocation: RANDOMIZED | Intervention Model: PARALLEL | Masking: NONE | Primary Purpose: TREATMENT,1,1,0,,,
NCT05425576,OT-101 in Combination With Pembrolizumab in Subjects With Malignant Pleural Mesothelioma Failing to Respond to Checkpoint Inhibition,https://clinicaltrials.gov/study/NCT05425576,NOT_YET_RECRUITING,Malignant Pleural Mesothelioma,DRUG: OT-101,Oncotelic Inc.,None listed,ALL,"ADULT, OLDER_ADULT",PHASE2,63,INDUSTRY,INTERVENTIONAL,Allocation: NA | Intervention Model: SINGLE_GROUP | Masking: NONE | Primary Purpose: TREATMENT,1,1,0,,,
NCT05245474,Neoadjuvant Long-course Chemoradiation Plus PD-1 Blockade for Mid-low Locally Advanced Rectal Cancer,https://clinicaltrials.gov/study/NCT05245474,RECRUITING,Locally Advanced Rectal Cancer,"COMBINATION_PRODUCT: Long-course chemoradiation, with or without Tislelizumab (PD-1 inhibitor)",Beijing Friendship Hospital,"Beijing Chao Yang Hospital|Xuanwu Hospital, Beijing|Beijing Hospital|Peking Union Medical College Hospital|Peking University First Hospital|Peking University People's Hospital|Peking University Cancer Hospital & Institute|BeiGene",ALL,"ADULT, OLDER_ADULT",PHASE2,186,OTHER,INTERVENTIONAL,Allocation: RANDOMIZED | Intervention Model: PARALLEL | Masking: NONE | Primary Purpose: TREATMENT,1,1,0,,,
NCT07123090,"A Study of Sasanlimab, Palbociclib and Axitinib in Metastatic Renal Cell Carcinoma",https://clinicaltrials.gov/study/NCT07123090,RECRUITING,Metastatic Renal Cell Carcinoma|Metastatic Renal Cancer|Renal Cell Carcinoma|Advanced Clear Cell Renal Cell Carcinoma|Kidney Cancer|Translocation Renal Cell Carcinoma,DRUG: Sasanlimab|DRUG: Palbociclib|DRUG: Axitinib,Stephanie Berg,Pfizer,ALL,"ADULT, OLDER_ADULT",PHASE2,25,OTHER,INTERVENTIONAL,Allocation: NA | Intervention Model: SINGLE_GROUP | Masking: NONE | Primary Purpose: TREATMENT,1,1,0,,,
NCT06345482,A Study of MHB039A for Advanced Solid Tumor,https://clinicaltrials.gov/study/NCT06345482,ACTIVE_NOT_RECRUITING,Advanced Solid Tumor,DRUG: MHB039A,Minghui Pharmaceutical (Hangzhou) Ltd,None listed,ALL,"ADULT, OLDER_ADULT",PHASE1|PHASE2,196,INDUSTRY,INTERVENTIONAL,Allocation: NA | Intervention Model: SINGLE_GROUP | Masking: NONE | Primary Purpose: TREATMENT,1,1,0,,,
NCT06581380,JK-1201I Compared with Topotecan in Patients with Relapsed Extensive Stage Small Cell Lung Cancer,https://clinicaltrials.gov/study/NCT06581380,NOT_YET_RECRUITING,Small Cell Lung Cancer,DRUG: JK-1201I|DRUG: Topotecan,"JenKem Technology Co., Ltd.",None listed,ALL,"ADULT, OLDER_ADULT",PHASE3,394,INDUSTRY,INTERVENTIONAL,Allocation: RANDOMIZED | Intervention Model: PARALLEL | Masking: NONE | Primary Purpose: TREATMENT,1,1,0,,,
NCT03424850,"Safety and Efficacy of 21 Gy, 23 Gy and 25 Gy for High Dose Rate (HDR) Prostate Brachytherapy",https://clinicaltrials.gov/study/NCT03424850,RECRUITING,Prostate Cancer|Prostate Neoplasm,RADIATION: HDR brachytherapy,Washington University School of Medicine,None listed,MALE,"ADULT, OLDER_ADULT",PHASE1|PHASE2,36,OTHER,INTERVENTIONAL,Allocation: NON_RANDOMIZED | Intervention Model: SEQUENTIAL | Masking: NONE | Primary Purpose: TREATMENT,1,1,0,,,
NCT04178174,Stereotactic Boost and Short-course Radiation Therapy for Oropharynx Cancer,https://clinicaltrials.gov/study/NCT04178174,RECRUITING,Head and Neck Cancer|Oropharynx Cancer|Human Papilloma Virus,RADIATION: SABR boost and de-escalated chemoradiation|RADIATION: Standard chemoradiation,Centre hospitalier de l'Université de Montréal (CHUM),M.D. Anderson Cancer Center|London Health Sciences Centre Research Institute OR Lawson Research Institute of St. Joseph's|Jewish General Hospital,ALL,"ADULT, OLDER_ADULT",PHASE3,360,OTHER,INTERVENTIONAL,Allocation: RANDOMIZED | Intervention Model: PARALLEL | Masking: NONE | Primary Purpose: TREATMENT,1,1,0,,,
NCT06616597,Trial Targeting Gut Bacterial Androgen Production to Reverse Therapeutic Resistance to Abiraterone in Patients With Metastatic Prostate Cancer,https://clinicaltrials.gov/study/NCT06616597,RECRUITING,Prostate Cancer (Adenocarcinoma)|Metastatic Prostate Cancer,DRUG: Abiraterone acetate|DRUG: Dexamethasone|DRUG: Metronidazole,Sidney Kimmel Comprehensive Cancer Center at Johns Hopkins,United States Department of Defense|Prostate Cancer Foundation,MALE,"ADULT, OLDER_ADULT",PHASE2,58,OTHER,INTERVENTIONAL,Allocation: NON_RANDOMIZED | Intervention Model: SINGLE_GROUP | Masking: NONE | Primary Purpose: TREATMENT,1,1,0,,,
NCT06911710,The Application of CAR-T Cell Therapy in Relapsed and Refractory Malignant Hematologic Tumors,https://clinicaltrials.gov/study/NCT06911710,RECRUITING,"Lymphoma, B-cell, Aggressive Non-Hodgkin (B-NHL)|AML (Acute Myelogenous Leukemia)|Myeloma Multiple|B-ALL|T-ALL/Lymphoma|T-lymphocyte Lymphoma","DRUG: CAR-T Cells infusion（CAR2219,CAR2019, CAR19 etc）",Tianjin Medical University General Hospital,"Hebei Taihe Chunyu Biotechnology Co., Ltd",ALL,"ADULT, OLDER_ADULT",PHASE1|PHASE2,90,OTHER,INTERVENTIONAL,Allocation: NA | Intervention Model: SINGLE_GROUP | Masking: NONE | Primary Purpose: TREATMENT,1,1,0,,,
NCT03155620,"Targeted Therapy Directed by Genetic Testing in Treating Pediatric Patients With Relapsed or Refractory Advanced Solid Tumors, Non-Hodgkin Lymphomas, or Histiocytic Disorders (The Pediatric MATCH Screening Trial)",https://clinicaltrials.gov/study/NCT03155620,ACTIVE_NOT_RECRUITING,Advanced Malignant Solid Neoplasm|Ann Arbor Stage III Non-Hodgkin Lymphoma|Ann Arbor Stage IV Non-Hodgkin Lymphoma|Histiocytic Sarcoma|Juvenile Xanthogranuloma|Langerhans Cell Histiocytosis|Malignant Glioma|Recurrent Childhood Rhabdomyosarcoma|Recurrent Ependymoma|Recurrent Ewing Sarcoma|Recurrent Glioma|Recurrent Hepatoblastoma|Recurrent Langerhans Cell Histiocytosis|Recurrent Malignant Germ Cell Tumor|Recurrent Malignant Solid Neoplasm|Recurrent Medulloblastoma|Recurrent Neuroblastoma|Recurrent Non-Hodgkin Lymphoma|Recurrent Osteosarcoma|Recurrent Peripheral Primitive Neuroectodermal Tumor|Recurrent Primary Central Nervous System Neoplasm|Recurrent Rhabdoid Tumor|Recurrent Soft Tissue Sarcoma|Refractory Ewing Sarcoma|Refractory Glioma|Refractory Hepatoblastoma|Refractory Langerhans Cell Histiocytosis|Refractory Malignant Germ Cell Tumor|Refractory Malignant Solid Neoplasm|Refractory Medulloblastoma|Refractory Neuroblastoma|Refractory Non-Hodgkin Lymphoma|Refractory Osteosarcoma|Refractory Peripheral Primitive Neuroectodermal Tumor|Refractory Primary Central Nervous System Neoplasm|Refractory Rhabdoid Tumor|Refractory Rhabdomyosarcoma|Rhabdoid Tumor|Stage III Osteosarcoma AJCC v7|Stage III Soft Tissue Sarcoma AJCC v7|Stage IV Osteosarcoma AJCC v7|Stage IV Soft Tissue Sarcoma AJCC v7|Stage IVA Osteosarcoma AJCC v7|Stage IVB Osteosarcoma AJCC v7|Wilms Tumor,PROCEDURE: Biopsy Procedure|PROCEDURE: Biospecimen Collection|PROCEDURE: Bone Marrow Aspiration and Biopsy|PROCEDURE: Bone Scan|PROCEDURE: Computed Tomography|DRUG: Ensartinib|DRUG: Erdafitinib|DRUG: Ivosidenib|OTHER: Laboratory Biomarker Analysis|DRUG: Larotrectinib Sulfate|PROCEDURE: Magnetic Resonance Imaging|PROCEDURE: Mutation Carrier Screening|DRUG: Olaparib|DRUG: Palbociclib|OTHER: Pharmacological Study|PROCEDURE: Positron Emission Tomography|PROCEDURE: Radionuclide Imaging|DRUG: Samotolisib|DRUG: Selpercatinib|DRUG: Selumetinib Sulfate|DRUG: Tazemetostat|DRUG: Tipifarnib|DRUG: Ulixertinib|DRUG: Vemurafenib|PROCEDURE: X-Ray Imaging,National Cancer Institute (NCI),None listed,ALL,"CHILD, ADULT",PHASE2,1377,NIH,INTERVENTIONAL,Allocation: NON_RANDOMIZED | Intervention Model: PARALLEL | Masking: NONE | Primary Purpose: SCREENING,1,0,1,,,
NCT06084780,Intestinal & Multivisceral Transplantation for Unresectable Mucinous Carcinoma Peritonei (TRANSCAPE),https://clinicaltrials.gov/study/NCT06084780,NOT_YET_RECRUITING,Secondary Malignant Neoplasm of Retroperitoneum|Secondary Malignant Neoplasm of Peritoneum|Pseudomyxoma Peritonei,"PROCEDURE: Intestinal, Multivisceral or Modified Multivisceral Transplantation|DRUG: Alemtuzumab|DRUG: Tacrolimus|DRUG: Sirolimus",Case Comprehensive Cancer Center,None listed,ALL,"ADULT, OLDER_ADULT",PHASE2,20,OTHER,INTERVENTIONAL,Allocation: NA | Intervention Model: SINGLE_GROUP | Masking: NONE | Primary Purpose: TREATMENT,1,1,0,,,
NCT06494579,Lamivudine for Solid Tumors,https://clinicaltrials.gov/study/NCT06494579,ACTIVE_NOT_RECRUITING,Relapsed/Refractory Solid Tumors,DRUG: Lamivudine|DRUG: PD-L1 Blocker,Thomas Marron,None listed,ALL,"ADULT, OLDER_ADULT",PHASE1|PHASE2,12,OTHER,INTERVENTIONAL,Allocation: NA | Intervention Model: SINGLE_GROUP | Masking: NONE | Primary Purpose: TREATMENT,1,1,0,,,
NCT03970746,"Safety, Immunogenicity and Preliminary Clinical Activity Study of PDC*lung01 Cancer Vaccine in NSCLC",https://clinicaltrials.gov/study/NCT03970746,ACTIVE_NOT_RECRUITING,Non Small Cell Lung Cancer,BIOLOGICAL: PDC*lung01|DRUG: Keytruda Injectable Product|DRUG: Alimta Injectable Product,PDC*line Pharma SAS,None listed,ALL,"ADULT, OLDER_ADULT",PHASE1|PHASE2,73,INDUSTRY,INTERVENTIONAL,Allocation: NON_RANDOMIZED | Intervention Model: SEQUENTIAL | Masking: NONE | Primary Purpose: TREATMENT,1,1,0,,,
NCT05381103,PSMA-PET to Guide Prostatectomy,https://clinicaltrials.gov/study/NCT05381103,RECRUITING,Prostate Cancer,DIAGNOSTIC_TEST: PSMA-PET and SOC MRI|DIAGNOSTIC_TEST: SOC MRI,"Five Eleven Pharma, Inc.",Indiana University,MALE,"ADULT, OLDER_ADULT",PHASE2|PHASE3,288,INDUSTRY,INTERVENTIONAL,Allocation: RANDOMIZED | Intervention Model: PARALLEL | Masking: SINGLE (OUTCOMES_ASSESSOR) | Primary Purpose: DIAGNOSTIC,1,1,0,,,
NCT03688178,DC Migration Study to Evaluate TReg Depletion In GBM Patients With and Without Varlilumab,https://clinicaltrials.gov/study/NCT03688178,ACTIVE_NOT_RECRUITING,Glioblastoma,BIOLOGICAL: Human CMV pp65-LAMP mRNA-pulsed autologous DCs|DRUG: Temozolomide|BIOLOGICAL: Varlilumab|BIOLOGICAL: Td|BIOLOGICAL: Unpulsed DCs,"Annick Desjardins, MD",Celldex Therapeutics,ALL,"ADULT, OLDER_ADULT",PHASE2,43,OTHER,INTERVENTIONAL,"Allocation: RANDOMIZED | Intervention Model: PARALLEL | Masking: TRIPLE (PARTICIPANT, CARE_PROVIDER, INVESTIGATOR) | Primary Purpose: TREATMENT",1,1,0,,,
NCT03361735,"Radium Ra 223 Dichloride, Hormone Therapy and Stereotactic Body Radiation Therapy in Treating Patients With Metastatic Prostate Cancer",https://clinicaltrials.gov/study/NCT03361735,ACTIVE_NOT_RECRUITING,Prostate Adenocarcinoma,DRUG: Leuprolide Acetate|DRUG: Goserelin Acetate|RADIATION: Stereotactic Body Radiation Therapy|RADIATION: Radium Ra 223 Dichloride|OTHER: Laboratory Biomarker Analysis|DRUG: Degarelix,City of Hope Medical Center,None listed,ALL,"ADULT, OLDER_ADULT",PHASE2,25,OTHER,INTERVENTIONAL,Allocation: NA | Intervention Model: SINGLE_GROUP | Masking: NONE | Primary Purpose: TREATMENT,1,1,0,,,
NCT07319676,Antigen Targeted T Cell Therapy for Relapsed/Refractory B Cell Lymphomas,https://clinicaltrials.gov/study/NCT07319676,RECRUITING,B-cell Lymphoma Refractory,OTHER: CART infusion,"National University Hospital, Singapore",None listed,ALL,"CHILD, ADULT, OLDER_ADULT",PHASE1|PHASE2,30,OTHER,INTERVENTIONAL,Allocation: NA | Intervention Model: SEQUENTIAL | Masking: NONE | Primary Purpose: TREATMENT,1,1,1,,,
NCT07490990,"Disitamab Vedotin Combined With Sintilimab and Multimodal Radiotherapy for HER2-Positive Advanced Gastric Cancer After Second-Line Treatment Failure: A Prospective, Single-Arm Phase II Clinical Trial",https://clinicaltrials.gov/study/NCT07490990,NOT_YET_RECRUITING,HER2-positive Advanced Gastric Cancer or Gastroesophageal Junction Adenocarcinoma,DRUG: Disitamab vedotin + Sintilimab + Multimodality radiotherapy,West China Hospital,Jiangsu Taizhou People's Hospital|Chengdu First People's Hospital,ALL,"ADULT, OLDER_ADULT",PHASE2,30,OTHER,INTERVENTIONAL,Allocation: NA | Intervention Model: SINGLE_GROUP | Masking: NONE | Primary Purpose: TREATMENT,1,1,0,,,
NCT06434597,A Clinical Study of SPH5030 Tablets in the Treatment of Her2-positive/Mutated Biliary Tract OR Colorectal Cancer Patients.,https://clinicaltrials.gov/study/NCT06434597,RECRUITING,Biliary Tract or Colorectal Cancer With Her2-positive/Mutated,DRUG: SPH5030,"Shanghai Pharmaceuticals Holding Co., Ltd",None listed,ALL,"ADULT, OLDER_ADULT",PHASE2,60,INDUSTRY,INTERVENTIONAL,Allocation: NA | Intervention Model: SINGLE_GROUP | Masking: NONE | Primary Purpose: TREATMENT,1,1,0,,,
NCT05720260,"Immunotherapy, Hormone Therapy, and AKT Inhibitor for Premenopausal ER Positive MBC",https://clinicaltrials.gov/study/NCT05720260,RECRUITING,Premenopausal Breast Cancer|Metastatic Breast Cancer|ER Positive Breast Cancer,DRUG: Goserelin|DRUG: Fulvestrant|DRUG: Capivasertib|DRUG: Durvalumab,National Taiwan University Hospital,None listed,FEMALE,"ADULT, OLDER_ADULT",PHASE2,42,OTHER,INTERVENTIONAL,Allocation: RANDOMIZED | Intervention Model: PARALLEL | Masking: NONE | Primary Purpose: TREATMENT,1,1,0,,,
NCT06711523,Study Evaluating PEG-G-CSF Injectionin Preventing Neutropenia After Chemotherapy,https://clinicaltrials.gov/study/NCT06711523,ACTIVE_NOT_RECRUITING,"Neutropenia, Chemotherapy-Induced Febrile|Breast Neoplasm Female","DRUG: PEG-G-CSF injection (Kexing Biopharmaceutical Co., Ltd.)|DRUG: PEG-G-CSF injection (Neulasta®，Amgen Europe B.V.)","Kexing Biopharm Co., Ltd.",None listed,FEMALE,"ADULT, OLDER_ADULT",PHASE3,250,INDUSTRY,INTERVENTIONAL,"Allocation: RANDOMIZED | Intervention Model: PARALLEL | Masking: TRIPLE (PARTICIPANT, INVESTIGATOR, OUTCOMES_ASSESSOR) | Primary Purpose: TREATMENT",1,1,0,,,
NCT07554859,GFH375 Monotherapy and Combination Therapy as First-Line Treatment for Advanced KRAS G12D-Mutant Non-Small Cell Lung Cancer,https://clinicaltrials.gov/study/NCT07554859,NOT_YET_RECRUITING,NSCLC (Advanced Non-small Cell Lung Cancer),DRUG: ArmA:GFH375|DRUG: Arm B:GFH375|DRUG: Arm C:GFH375,Genfleet Therapeutics (Shanghai) Inc.,None listed,ALL,"ADULT, OLDER_ADULT",PHASE2,90,INDUSTRY,INTERVENTIONAL,Allocation: RANDOMIZED | Intervention Model: PARALLEL | Masking: NONE | Primary Purpose: TREATMENT,1,1,0,,,
NCT02886585,Pembrolizumab In Central Nervous System Metastases,https://clinicaltrials.gov/study/NCT02886585,ACTIVE_NOT_RECRUITING,Brain Metastases,DRUG: Pembrolizumab|RADIATION: MRI|RADIATION: PET/CT|PROCEDURE: Stereotactic Radiosurgery,Massachusetts General Hospital,Merck Sharp & Dohme LLC,ALL,"ADULT, OLDER_ADULT",PHASE2,101,OTHER,INTERVENTIONAL,Allocation: NON_RANDOMIZED | Intervention Model: PARALLEL | Masking: NONE | Primary Purpose: TREATMENT,1,1,0,,,
NCT06959615,A Phase I/IIa Study of JAB-23E73 in Patients With Advanced Solid Tumors Harboring KRAS Gene Alteration,https://clinicaltrials.gov/study/NCT06959615,RECRUITING,Advanced Solid Tumor,DRUG: JAB-23E73|DRUG: JAB-23E73,"Jacobio Pharmaceuticals Co., Ltd.",None listed,ALL,"CHILD, ADULT, OLDER_ADULT",PHASE1|PHASE2,334,INDUSTRY,INTERVENTIONAL,Allocation: NON_RANDOMIZED | Intervention Model: SEQUENTIAL | Masking: NONE | Primary Purpose: TREATMENT,1,1,1,,,
NCT06499350,A Study of FC084CSA in Combination of Tislelizumab in Patients With Advanced Malignant Solid Tumors,https://clinicaltrials.gov/study/NCT06499350,RECRUITING,Advanced Malignant Solid Tumors,DRUG: FC084CSA+Tislelizumab combination (dose escalation)|DRUG: RP2D of FC084CSA+Tislelizumab combination (dose expansion),"FindCure Biosciences (ZhongShan) Co., Ltd.",None listed,ALL,"ADULT, OLDER_ADULT",PHASE1|PHASE2,33,INDUSTRY,INTERVENTIONAL,Allocation: NA | Intervention Model: SINGLE_GROUP | Masking: NONE | Primary Purpose: TREATMENT,1,1,0,,,
NCT05923190,Enfortumab Vedotin Schedule De-escalation in Metastatic Urothelial Carcinoma,https://clinicaltrials.gov/study/NCT05923190,ACTIVE_NOT_RECRUITING,Urothelial Carcinoma|Metastatic Urothelial Carcinoma|Locally Advanced Urothelial Carcinoma,DRUG: Enfortumab vedotin|DRUG: Pembrolizumab,Fox Chase Cancer Center,None listed,ALL,"ADULT, OLDER_ADULT",PHASE2,60,OTHER,INTERVENTIONAL,Allocation: NON_RANDOMIZED | Intervention Model: PARALLEL | Masking: NONE | Primary Purpose: TREATMENT,1,1,0,,,
NCT03504397,A Study to Compare Zolbetuximab (IMAB362) and Chemotherapy With Placebo and Chemotherapy in Adults With Gastric Cancer.,https://clinicaltrials.gov/study/NCT03504397,ACTIVE_NOT_RECRUITING,Locally Advanced Unresectable Gastroesophageal Junction (GEJ) Adenocarcinoma or Cancer|Locally Advanced Unresectable Gastric Adenocarcinoma or Cancer|Metastatic Gastric Adenocarcinoma or Cancer|Metastatic Gastroesophageal Junction (GEJ) Adenocarcinoma,DRUG: zolbetuximab|DRUG: placebo|DRUG: oxaliplatin|DRUG: folinic acid|DRUG: fluorouracil,"Astellas Pharma Global Development, Inc.",None listed,ALL,"ADULT, OLDER_ADULT",PHASE3,565,INDUSTRY,INTERVENTIONAL,"Allocation: RANDOMIZED | Intervention Model: PARALLEL | Masking: DOUBLE (PARTICIPANT, INVESTIGATOR) | Primary Purpose: TREATMENT",1,1,0,,,
NCT04181060,Osimertinib With or Without Bevacizumab as Initial Treatment for Patients With EGFR-Mutant Lung Cancer,https://clinicaltrials.gov/study/NCT04181060,RECRUITING,Advanced Lung Non-Squamous Non-Small Cell Carcinoma|Metastatic Lung Non-Squamous Non-Small Cell Carcinoma|Recurrent Lung Non-Squamous Non-Small Cell Carcinoma|Stage IIIB Lung Cancer AJCC v8|Stage IV Lung Cancer AJCC v8,BIOLOGICAL: Bevacizumab|PROCEDURE: Biospecimen Collection|PROCEDURE: Computed Tomography|PROCEDURE: Echocardiography Test|PROCEDURE: Magnetic Resonance Imaging|PROCEDURE: Multigated Acquisition Scan|DRUG: Osimertinib,National Cancer Institute (NCI),None listed,ALL,"ADULT, OLDER_ADULT",PHASE3,300,NIH,INTERVENTIONAL,Allocation: RANDOMIZED | Intervention Model: PARALLEL | Masking: NONE | Primary Purpose: TREATMENT,1,1,0,,,
NCT06770582,"Testing the Addition of the Immunotherapy Drug, Pembrolizumab, to Radiation Therapy Compared to the Usual Chemotherapy Treatment During Radiation Therapy for Bladder Cancer, PARRC Trial",https://clinicaltrials.gov/study/NCT06770582,RECRUITING,Non-Muscle Invasive Bladder Urothelial Carcinoma|Recurrent Non-Muscle Invasive Bladder Urothelial Carcinoma|Stage I Bladder Cancer AJCC v8,PROCEDURE: Biospecimen Collection|DRUG: Cisplatin|PROCEDURE: Computed Tomography|DRUG: Fluorouracil|DRUG: Gemcitabine|PROCEDURE: Magnetic Resonance Imaging|DRUG: Mitomycin|BIOLOGICAL: Pembrolizumab|OTHER: Questionnaire Administration|RADIATION: Radiation Therapy,National Cancer Institute (NCI),None listed,ALL,"ADULT, OLDER_ADULT",PHASE2,160,NIH,INTERVENTIONAL,Allocation: RANDOMIZED | Intervention Model: PARALLEL | Masking: NONE | Primary Purpose: TREATMENT,1,1,0,,,
NCT07751276,Perioperative Finotonlimab Plus Chemotherapy in Untreated Stage II HNSCC,https://clinicaltrials.gov/study/NCT07751276,NOT_YET_RECRUITING,Head and Neck Squamous Cell Carcinoma HNSCC,DRUG: Neoadjuvant Finotonlimab Plus Chemotherapy|PROCEDURE: Surgery|DRUG: Postoperative Finotonlimab Maintenance,"Yanjie Zhang, MD",None listed,ALL,"ADULT, OLDER_ADULT",PHASE2,142,OTHER,INTERVENTIONAL,Allocation: RANDOMIZED | Intervention Model: PARALLEL | Masking: NONE | Primary Purpose: TREATMENT,1,1,0,,,
NCT07617389,Selective Mediastinal Lymph Node Sampling Versus Systematic medIastinal Lymph Node Dissection After Neoadjuvant Chemoimmunotherapy for Non-small Cell Lung Cancer (SCIENCE Study),https://clinicaltrials.gov/study/NCT07617389,NOT_YET_RECRUITING,Stage IIA-IIIB NSCLC|Selective Mediastinal Lymph Node Sampling|Systematic medIastinal Lymph Node Dissection,PROCEDURE: selective mediastinal lymph node sampling|PROCEDURE: systematic mediastinal lymph node dissection,Wen-zhao ZHONG,"Shanghai Junshi Bioscience Co., Ltd.",ALL,"ADULT, OLDER_ADULT",PHASE3,358,OTHER,INTERVENTIONAL,Allocation: RANDOMIZED | Intervention Model: PARALLEL | Masking: NONE | Primary Purpose: TREATMENT,1,1,0,,,
NCT05859750,A Study of AK104 With Chemotherapy as First-line Treatment in Patients With Advanced Pancreatic Cancer,https://clinicaltrials.gov/study/NCT05859750,RECRUITING,Pancreatic Cancer,"DRUG: AK104|DRUG: AK104|DRUG: Gemcitabine|DRUG: Nab-Paclitaxel|DRUG: Liposomal Irinotecan, Oxaliplatin, 5-Fluorouracil/Calcium folinate|DRUG: Oxaliplatin + Irinotecan + 5-Fluorouracil/Leucovorin",Akeso,None listed,ALL,"ADULT, OLDER_ADULT",PHASE2,78,INDUSTRY,INTERVENTIONAL,Allocation: RANDOMIZED | Intervention Model: PARALLEL | Masking: NONE | Primary Purpose: TREATMENT,1,1,0,,,
NCT05538091,"Vismodegib Combined With Atezolizumab in Platinum Resistant Ovarian, Fallopian Tube, and Primary Peritoneal Cancer",https://clinicaltrials.gov/study/NCT05538091,RECRUITING,Platinum-Resistant Fallopian Tube Carcinoma|Platinum-Resistant Primary Peritoneal Carcinoma|PARP Inhibitor|Hedgehog Inhibitor,DRUG: Vismodegib|DRUG: Atezolizumab,Ronald Buckanovich,"Genentech, Inc.",FEMALE,"ADULT, OLDER_ADULT",PHASE2,48,OTHER,INTERVENTIONAL,Allocation: NA | Intervention Model: SINGLE_GROUP | Masking: NONE | Primary Purpose: TREATMENT,1,1,0,,,
NCT07340697,Evaluate RLS-1496 Topical Cream for Actinic Keratosis,https://clinicaltrials.gov/study/NCT07340697,ACTIVE_NOT_RECRUITING,Actinic Keratosis (AK),DRUG: RLS-1496 1.0% cream,"Rubedo Life Sciences, Inc.",None listed,ALL,"ADULT, OLDER_ADULT",PHASE1|PHASE2,24,INDUSTRY,INTERVENTIONAL,Allocation: NA | Intervention Model: SINGLE_GROUP | Masking: NONE | Primary Purpose: TREATMENT,1,1,0,,,
NCT07454382,A Study of Elranatamab and Cyclophosphamide in People With Multiple Myeloma,https://clinicaltrials.gov/study/NCT07454382,RECRUITING,Multiple Myeloma,BIOLOGICAL: Elranatamab-bcmm|DRUG: Cyclophosphamide,Memorial Sloan Kettering Cancer Center,Pfizer,ALL,"ADULT, OLDER_ADULT",PHASE2,26,OTHER,INTERVENTIONAL,Allocation: NA | Intervention Model: SINGLE_GROUP | Masking: NONE | Primary Purpose: TREATMENT,1,1,0,,,
NCT05563558,"Pembrolizumab, Carboplatin and Cabazitaxel in Aggressive Metastatic Castration Resistant Prostate Cancer (PEAPOD_FOS)",https://clinicaltrials.gov/study/NCT05563558,RECRUITING,Prostate Cancer Metastatic,DRUG: Pembrolizumab|DRUG: Carboplatin|DRUG: Cabazitaxel,Fundacion Oncosur,None listed,MALE,"ADULT, OLDER_ADULT",PHASE2,42,NETWORK,INTERVENTIONAL,Allocation: NA | Intervention Model: SINGLE_GROUP | Masking: NONE | Primary Purpose: TREATMENT,1,1,0,,,
NCT07639138,Lenalidomide Plus Targeted Therapy and Immunotherapy for Refractory HCC,https://clinicaltrials.gov/study/NCT07639138,RECRUITING,Hepatocellular Carcinoma (HCC),DRUG: Lenalidomide|DRUG: Targeted Therapy|DRUG: Immune Checkpoint Inhibitors,Shunda Du,None listed,ALL,"ADULT, OLDER_ADULT",PHASE2,32,OTHER,INTERVENTIONAL,Allocation: NA | Intervention Model: SINGLE_GROUP | Masking: NONE | Primary Purpose: TREATMENT,1,1,0,,,
NCT03660826,"Testing the Combination of Olaparib and Durvalumab, Cediranib and Durvalumab, Olaparib and Capivasertib, and Cediranib Alone in Recurrent or Refractory Endometrial Cancer Following the Earlier Phase of the Study That Tested Olaparib and Cediranib in Comparison to Cediranib Alone, and Olaparib Alone",https://clinicaltrials.gov/study/NCT03660826,ACTIVE_NOT_RECRUITING,Endometrial Adenocarcinoma|Endometrial Mixed Cell Adenocarcinoma|Endometrial Serous Adenocarcinoma|Endometrial Undifferentiated Carcinoma|Endometrioid Adenocarcinoma|Stage IV Uterine Corpus Carcinoma or Carcinosarcoma AJCC v8,PROCEDURE: Biospecimen Collection|PROCEDURE: Bone Marrow Aspirate|PROCEDURE: Bone Marrow Biopsy|DRUG: Capivasertib|DRUG: Cediranib Maleate|PROCEDURE: Computed Tomography|BIOLOGICAL: Durvalumab|PROCEDURE: Echocardiography Test|PROCEDURE: Multigated Acquisition Scan|DRUG: Olaparib,National Cancer Institute (NCI),NRG Oncology,FEMALE,"ADULT, OLDER_ADULT",PHASE2,288,NIH,INTERVENTIONAL,Allocation: RANDOMIZED | Intervention Model: PARALLEL | Masking: NONE | Primary Purpose: TREATMENT,1,1,0,,,
NCT07632118,Radiotherapy With GX Regimen as Adjuvant Therapy for High-risk Patients Following Pancreatic Cancer Surgery,https://clinicaltrials.gov/study/NCT07632118,RECRUITING,Pancreatic Cancer,RADIATION: Radiotherapy + GX|DRUG: GX group,Tianjin Medical University Cancer Institute and Hospital,None listed,ALL,"ADULT, OLDER_ADULT",PHASE3,288,OTHER,INTERVENTIONAL,Allocation: RANDOMIZED | Intervention Model: PARALLEL | Masking: NONE | Primary Purpose: TREATMENT,1,1,0,,,
NCT07220720,POSLUMA® (18F-rhPSMA-7.3) PET-CT for PIRADS 2/3 Lesions,https://clinicaltrials.gov/study/NCT07220720,RECRUITING,Prostate,DRUG: Flotufolastat F 18,University of Florida,None listed,MALE,"ADULT, OLDER_ADULT",PHASE2,30,OTHER,INTERVENTIONAL,Allocation: NA | Intervention Model: SINGLE_GROUP | Masking: NONE | Primary Purpose: DIAGNOSTIC,1,1,0,,,
NCT00334815,"Combination Chemotherapy, Radiation Therapy, and Bevacizumab in Treating Patients With Newly Diagnosed Stage III Non-small Cell Lung Cancer That Cannot Be Removed by Surgery",https://clinicaltrials.gov/study/NCT00334815,ACTIVE_NOT_RECRUITING,Lung Adenocarcinoma|Lung Adenosquamous Carcinoma|Lung Large Cell Carcinoma|Lung Squamous Cell Carcinoma|Minimally Invasive Lung Adenocarcinoma|Stage IIIA Lung Non-Small Cell Cancer AJCC v7|Stage IIIB Lung Non-Small Cell Cancer AJCC v7,BIOLOGICAL: Bevacizumab|DRUG: Cisplatin|DRUG: Docetaxel|DRUG: Etoposide|BIOLOGICAL: Filgrastim|BIOLOGICAL: Pegfilgrastim|RADIATION: Radiation Therapy,National Cancer Institute (NCI),None listed,ALL,"ADULT, OLDER_ADULT",PHASE2,29,NIH,INTERVENTIONAL,Allocation: NON_RANDOMIZED | Intervention Model: PARALLEL | Masking: NONE | Primary Purpose: TREATMENT,1,1,0,,,
NCT07408635,IBI363 (PD-1/IL-2α-bias) in Combination With Chemotherapy as Neoadjuvant Therapy in Initially Unresectable Stage III Non-Small Cell Lung Cancer,https://clinicaltrials.gov/study/NCT07408635,RECRUITING,"Unresectable Stage III Non-small Cell Lung Cancer|Carcinoma, Non-Small-Cell Lung Cancer (NSCLC)",DRUG: IBI363 + Chemotherapy,"Shanghai Pulmonary Hospital, Shanghai, China",None listed,ALL,"ADULT, OLDER_ADULT",PHASE2,43,OTHER,INTERVENTIONAL,Allocation: NA | Intervention Model: SINGLE_GROUP | Masking: NONE | Primary Purpose: TREATMENT,1,1,0,,,
NCT03919240,CAR-T Cell Therapy Targeting to CD19 for R/R ALL,https://clinicaltrials.gov/study/NCT03919240,ACTIVE_NOT_RECRUITING,Acute Lymphoblastic Leukemia With Failed Remission,BIOLOGICAL: CAR T-cell therapy,The First Affiliated Hospital of Soochow University,"Shanghai Unicar-Therapy Bio-medicine Technology Co.,Ltd|The Second People's Hospital of Huai'an|Third Military Medical University",ALL,"CHILD, ADULT, OLDER_ADULT",PHASE1|PHASE2,196,OTHER,INTERVENTIONAL,Allocation: NA | Intervention Model: SINGLE_GROUP | Masking: NONE | Primary Purpose: TREATMENT,1,1,1,,,
NCT04817540,"Phase II Trial of Anti-HER2 Treatment in HER2-enriched Early Breast Cancer Identified by PAM50 (HER2E-PAM, PAMILIA Study)",https://clinicaltrials.gov/study/NCT04817540,RECRUITING,"HER2 Enriched Subtype Breast Cancer, Herzuma, PAM50 Study",DRUG: Herzuma,Gangnam Severance Hospital,None listed,ALL,"ADULT, OLDER_ADULT",PHASE2,59,OTHER,INTERVENTIONAL,Allocation: NON_RANDOMIZED | Intervention Model: SINGLE_GROUP | Masking: NONE | Primary Purpose: TREATMENT,1,1,0,,,
NCT07153068,SupCD7 CART for Relapsed or Refractory CD7 Positive Hematologic Malignancies,https://clinicaltrials.gov/study/NCT07153068,RECRUITING,T Lymphoblastic Leukemia/Lymphoma|Acute Myeloid Leukemia (AML),BIOLOGICAL: supCD7 CART cells,"Institute of Hematology & Blood Diseases Hospital, China",None listed,ALL,"ADULT, OLDER_ADULT",PHASE1|PHASE2,12,OTHER,INTERVENTIONAL,Allocation: NA | Intervention Model: SINGLE_GROUP | Masking: NONE | Primary Purpose: TREATMENT,1,1,0,,,
NCT06869213,"A Single-arm, Open, Single-center Exploratory Study of Adebrelimab (SHR-1316) in Combination With Chemotherapy for the Perioperative Treatment of Locally Advanced Resectable Esophageal Squamous Carcinoma",https://clinicaltrials.gov/study/NCT06869213,RECRUITING,Esophageal Cancer (EsC),DRUG: Adebrelimab (SHR-1316) + Nab-paclitaxel + Cisplatin,Peking University Cancer Hospital & Institute,None listed,ALL,"ADULT, OLDER_ADULT",PHASE2,30,OTHER,INTERVENTIONAL,Allocation: NA | Intervention Model: SINGLE_GROUP | Masking: NONE | Primary Purpose: TREATMENT,1,1,0,,,
NCT06715982,"JAK Inhibitors for Solid Malignant Tumor Patients With Immune Checkpoint Inhibitors-related Dermatitis: A Open-lable, Single Arm, Phase IIa Trial",https://clinicaltrials.gov/study/NCT06715982,RECRUITING,Immune Checkpoint Inhibitors (ICI)-Related Dermatitis,DRUG: JAK Inhibitor,Shixiu Wu,None listed,ALL,"ADULT, OLDER_ADULT",PHASE2,35,OTHER,INTERVENTIONAL,Allocation: NA | Intervention Model: SINGLE_GROUP | Masking: NONE | Primary Purpose: TREATMENT,1,1,0,,,
NCT05255159,"Lesion-to-lesion Comparison of 68Ga-HA-DOTATATE, 18F-DOPA, and 18F-FDG PET/CT in the Evaluation of Metastatic Neuroendocrine Tumors",https://clinicaltrials.gov/study/NCT05255159,ACTIVE_NOT_RECRUITING,Neuroendocrine Tumors,DIAGNOSTIC_TEST: 18F-DOPA with furosemide,University of Alberta,None listed,ALL,"ADULT, OLDER_ADULT",PHASE2,50,OTHER,INTERVENTIONAL,Allocation: NA | Intervention Model: SINGLE_GROUP | Masking: NONE | Primary Purpose: DIAGNOSTIC,1,1,0,,,
NCT07757958,Partial Breast Irradiation Without Sentinel Lymph Node Biopsy in Low-Risk Early Breast Cancer,https://clinicaltrials.gov/study/NCT07757958,NOT_YET_RECRUITING,Breast Cancer|Node-negative Breast Cancer|Early-Stage Invasive Breast Carcinoma,RADIATION: Whole Breast Irradiation|RADIATION: Partial Breast Irradiation,Samsung Medical Center,"National Institute of Health, Korea",FEMALE,"ADULT, OLDER_ADULT",PHASE3,520,OTHER,INTERVENTIONAL,Allocation: RANDOMIZED | Intervention Model: PARALLEL | Masking: NONE | Primary Purpose: TREATMENT,1,1,0,,,
NCT03984448,"Testing the Addition of a New Anti-cancer Drug, Venetoclax, to Usual Chemotherapy for High Grade B-cell Lymphomas",https://clinicaltrials.gov/study/NCT03984448,ACTIVE_NOT_RECRUITING,"Diffuse Large B-Cell Lymphoma|Diffuse Large B-Cell Lymphoma, Not Otherwise Specified|Double-Expressor Lymphoma|EBV-Positive Diffuse Large B-Cell Lymphoma, Not Otherwise Specified|High Grade B-Cell Lymphoma With MYC and BCL2 or BCL6 Rearrangements|High Grade B-Cell Lymphoma, Not Otherwise Specified|Neoplastic Cells With Double Expression of MYC and BCL2 Proteins Present|Transformed Indolent B-Cell Non-Hodgkin Lymphoma to Diffuse Large B-Cell Lymphoma",PROCEDURE: Biospecimen Collection|PROCEDURE: Bone Marrow Biopsy|PROCEDURE: Computed Tomography|DRUG: Cyclophosphamide|DRUG: Doxorubicin Hydrochloride|DRUG: Etoposide|PROCEDURE: Lumbar Puncture|PROCEDURE: Positron Emission Tomography|DRUG: Prednisone|BIOLOGICAL: Rituximab|DRUG: Venetoclax|DRUG: Vincristine Sulfate,National Cancer Institute (NCI),None listed,ALL,"ADULT, OLDER_ADULT",PHASE2|PHASE3,363,NIH,INTERVENTIONAL,Allocation: RANDOMIZED | Intervention Model: PARALLEL | Masking: NONE | Primary Purpose: TREATMENT,1,1,0,,,
NCT07539155,Intratumoral MMR Vaccine Injection in Borderline Resectable/Unresectable Pancreatic Cancer,https://clinicaltrials.gov/study/NCT07539155,NOT_YET_RECRUITING,Borderline Resectable/Unresectable Pancreatic Cancer|Non Metastatic Pancreatic Cancer,BIOLOGICAL: Intratumoral MMR Injection,University of Arkansas,None listed,ALL,"ADULT, OLDER_ADULT",PHASE1|PHASE2,20,OTHER,INTERVENTIONAL,Allocation: NA | Intervention Model: SINGLE_GROUP | Masking: NONE | Primary Purpose: TREATMENT,1,1,0,,,
NCT07671378,"A Study of MRD-Guided Zanubrutinib Plus Sonrotoclax in Treatment-Naïve, High-Risk CLL/SLL Patients",https://clinicaltrials.gov/study/NCT07671378,RECRUITING,CLL (Chronic Lymphocytic Leukemia),DRUG: Zanubrutinib and sonrotoclax,The First Affiliated Hospital with Nanjing Medical University,None listed,ALL,"ADULT, OLDER_ADULT",PHASE2,24,OTHER,INTERVENTIONAL,Allocation: NA | Intervention Model: SINGLE_GROUP | Masking: NONE | Primary Purpose: TREATMENT,1,1,0,,,
NCT05524935,Olaparib in Combination With Pembrolizumab for Advanced Uveal Melanoma,https://clinicaltrials.gov/study/NCT05524935,ACTIVE_NOT_RECRUITING,Uveal Melanoma|Ocular Melanoma,DRUG: Pembrolizumab|DRUG: Olaparib,H. Lee Moffitt Cancer Center and Research Institute,Merck Sharp & Dohme LLC,ALL,"ADULT, OLDER_ADULT",PHASE2,12,OTHER,INTERVENTIONAL,Allocation: NA | Intervention Model: SINGLE_GROUP | Masking: NONE | Primary Purpose: TREATMENT,1,1,0,,,
NCT06043817,First-In-Human Study of STX-721/PFL-721 in Participants With Locally Advanced or Metastatic Non-Small Cell Lung Cancer Harboring EGFR or HER2 Exon 20 Insertion Mutations,https://clinicaltrials.gov/study/NCT06043817,RECRUITING,Non-Small Cell Lung Cancer|NSCLC|EGFR/HER2 Exon 20 Insertion Mutation,DRUG: STX-721/PFL-721 (Escalated)|DRUG: STX-721/PFL-721 (3 dose levels)|DRUG: STX-721/PFL-721 (RP2D),Pierre Fabre Medicament,None listed,ALL,"ADULT, OLDER_ADULT",PHASE1|PHASE2,345,INDUSTRY,INTERVENTIONAL,Allocation: NON_RANDOMIZED | Intervention Model: SEQUENTIAL | Masking: NONE | Primary Purpose: TREATMENT,1,1,0,,,
NCT03469674,PORTEC-4a: Molecular Profile-based Versus Standard Adjuvant Radiotherapy in Endometrial Cancer,https://clinicaltrials.gov/study/NCT03469674,ACTIVE_NOT_RECRUITING,Endometrial Cancer Stage I|Endometrial Cancer Stage II,RADIATION: Vaginal brachytherapy|RADIATION: External beam radiotherapy|OTHER: Observation,Leiden University Medical Center,Dutch Cancer Society|Comprehensive Cancer Centre The Netherlands,FEMALE,"ADULT, OLDER_ADULT",PHASE3,550,OTHER,INTERVENTIONAL,Allocation: RANDOMIZED | Intervention Model: PARALLEL | Masking: NONE | Primary Purpose: TREATMENT,1,1,0,,,
NCT06976476,Study of IgPro20 to Prevent Infection in People With Multiple Myeloma and Hypogammaglobulinemia,https://clinicaltrials.gov/study/NCT06976476,RECRUITING,"Multiple Myeloma|Hypogammaglobulinemia|Hypogammaglobulinemia, Acquired",DRUG: IgPro20,Memorial Sloan Kettering Cancer Center,None listed,ALL,"ADULT, OLDER_ADULT",PHASE2,100,OTHER,INTERVENTIONAL,Allocation: RANDOMIZED | Intervention Model: PARALLEL | Masking: NONE | Primary Purpose: TREATMENT,1,1,0,,,
NCT07177950,A Two-cohort Study of SHR-A1811 in the Treatment of HER2-positive Breast Cancer With Brain Metastases,https://clinicaltrials.gov/study/NCT07177950,NOT_YET_RECRUITING,Breast Cancer|Brain Metastases|Leptomeningeal Metastasis,DRUG: SHR-A1811|DRUG: SHR-A1811|RADIATION: radiotherapy,Peking University Cancer Hospital & Institute,Beijing Tiantan Hospital,FEMALE,"ADULT, OLDER_ADULT",PHASE1|PHASE2,51,OTHER,INTERVENTIONAL,Allocation: NON_RANDOMIZED | Intervention Model: PARALLEL | Masking: NONE | Primary Purpose: TREATMENT,1,1,0,,,
NCT05640791,Durvalumab Combined With Chemotherapy Neoadjuvant Therapy of Biliary Tract Cancer,https://clinicaltrials.gov/study/NCT05640791,RECRUITING,Resectable Biliary Tract Cancer,DRUG: Cisplatin|DRUG: Gemcitabine|DRUG: Nab-paclitaxel|DRUG: Durvalumab,Tianjin Medical University Cancer Institute and Hospital,None listed,ALL,"ADULT, OLDER_ADULT",PHASE2,40,OTHER,INTERVENTIONAL,Allocation: NA | Intervention Model: SINGLE_GROUP | Masking: NONE | Primary Purpose: TREATMENT,1,1,0,,,
NCT06787118,Study Assessing the Efficacy and Safety of cANnabidiol Oral Solution for Joint Pain of Adjuvant enDOcrine theRApy in Patients With Early Breast Cancer,https://clinicaltrials.gov/study/NCT06787118,NOT_YET_RECRUITING,Breast Cancer Stage I|Breast Cancer Stage II|Breast Cancer Stage III|HR+ Breast Cancer|AI-related Musculoskeletal Pain,DRUG: CBD oil|DRUG: Placebo,"Gustave Roussy, Cancer Campus, Grand Paris",None listed,FEMALE,"ADULT, OLDER_ADULT",PHASE3,130,OTHER,INTERVENTIONAL,"Allocation: RANDOMIZED | Intervention Model: CROSSOVER | Masking: DOUBLE (PARTICIPANT, INVESTIGATOR) | Primary Purpose: SUPPORTIVE_CARE",1,1,0,,,
NCT06286397,Topical Anti-Androgens in Pilonidal Sinus Disease,https://clinicaltrials.gov/study/NCT06286397,RECRUITING,Pilonidal Disease|Pilonidal Disease of Natal Cleft|Pilonidal Sinus|Pilonidal Cyst,DRUG: 1% Clascoterone|DRUG: Vehicle Cream,University of Pennsylvania,None listed,ALL,"ADULT, OLDER_ADULT",PHASE2,75,OTHER,INTERVENTIONAL,"Allocation: RANDOMIZED | Intervention Model: PARALLEL | Masking: QUADRUPLE (PARTICIPANT, CARE_PROVIDER, INVESTIGATOR, OUTCOMES_ASSESSOR) | Primary Purpose: TREATMENT",1,1,0,,,
NCT05952024,Study of Acalabrutinib and Rituximab in Untreated Elderly and/or Frail Patients With DLBCL,https://clinicaltrials.gov/study/NCT05952024,RECRUITING,Diffuse Large B-Cell Lymphoma,DRUG: Acalabrutinib|BIOLOGICAL: Rituximab,AstraZeneca,None listed,ALL,OLDER_ADULT,PHASE2,80,INDUSTRY,INTERVENTIONAL,Allocation: NA | Intervention Model: SINGLE_GROUP | Masking: NONE | Primary Purpose: TREATMENT,1,1,0,,,
NCT04263480,Efficacy and Safety of Carfilzomib in Combination With Ibrutinib vs Ibrutinib in Waldenström's Macroglobulinemia,https://clinicaltrials.gov/study/NCT04263480,ACTIVE_NOT_RECRUITING,Waldenstrom Macroglobulinemia,DRUG: Carfilzomib + Ibrutinib|DRUG: Ibrutinib,Christian Buske,"Amgen|Janssen, LP",ALL,"ADULT, OLDER_ADULT",PHASE2,99,OTHER,INTERVENTIONAL,Allocation: RANDOMIZED | Intervention Model: PARALLEL | Masking: NONE | Primary Purpose: TREATMENT,1,1,0,,,
NCT06068985,Classifying for HER2 Dependence to De-Escalate Neoadjuvant Chemotherapy in Patients With HER2+ Early Breast Cancer Undergoing HER2 Double-Blockade,https://clinicaltrials.gov/study/NCT06068985,ACTIVE_NOT_RECRUITING,Breast Cancer|HER2-positive Breast Cancer,DRUG: PHESGO,Latin American Cooperative Oncology Group,Roche Pharma AG|Oncoclínicas,FEMALE,"ADULT, OLDER_ADULT",PHASE2,63,OTHER,INTERVENTIONAL,Allocation: NA | Intervention Model: SINGLE_GROUP | Masking: NONE | Primary Purpose: TREATMENT,1,1,0,,,
NCT06505278,The Impact of Medication Timing Adjustment on the Effect of Novel Hormonal Therapy,https://clinicaltrials.gov/study/NCT06505278,NOT_YET_RECRUITING,Prostate Cancer,DRUG: Receive Abiraterone plus prednisone/Enzalutamide/Apalutamide/Rezvilutamide in the evening,Sun Yat-sen University,None listed,MALE,"ADULT, OLDER_ADULT",PHASE2,70,OTHER,INTERVENTIONAL,Allocation: RANDOMIZED | Intervention Model: PARALLEL | Masking: NONE | Primary Purpose: TREATMENT,1,1,0,,,
NCT07779018,CD19/CD22 CAR-T Consolidation in R/R Aggressive B-Cell Lymphoma After Second-Line Therapy,https://clinicaltrials.gov/study/NCT07779018,RECRUITING,Lymphoma,DRUG: CD22/CD19 CAR-T cell immunotherapy,Liping Dou,None listed,ALL,"ADULT, OLDER_ADULT",PHASE2,30,OTHER,INTERVENTIONAL,Allocation: NA | Intervention Model: SINGLE_GROUP | Masking: NONE | Primary Purpose: TREATMENT,1,1,0,,,
NCT06861218,Cerebrospinal Fluid Cytology-guided Intrathecal Chemo-holiday Therapy for EGFR-positive NSCLC Leptomeningeal Metastases,https://clinicaltrials.gov/study/NCT06861218,NOT_YET_RECRUITING,Leptomeningeal Metastases,DRUG: pemetrexed|DRUG: vometinib,Zhejiang Cancer Hospital,None listed,ALL,"ADULT, OLDER_ADULT",PHASE2,42,OTHER,INTERVENTIONAL,Allocation: NA | Intervention Model: SINGLE_GROUP | Masking: NONE | Primary Purpose: TREATMENT,1,1,0,,,
NCT03074513,Atezolizumab and Bevacizumab in Treating Patients With Rare Solid Tumors,https://clinicaltrials.gov/study/NCT03074513,ACTIVE_NOT_RECRUITING,"Appendix Adenocarcinoma|Human Papillomavirus-Related Anal Squamous Cell Carcinoma|Human Papillomavirus-Related Cervical Squamous Cell Carcinoma|Human Papillomavirus-Related Squamous Cell Carcinoma of the Penis|Human Papillomavirus-Related Vulvar Squamous Cell Carcinoma|Neuroendocrine Carcinoma|Pancreatic Neuroendocrine Tumor|Recurrent Merkel Cell Carcinoma|Recurrent Nasopharynx Carcinoma|Recurrent Peritoneal Malignant Mesothelioma|Recurrent Pleural Malignant Mesothelioma|Stage III Merkel Cell Carcinoma AJCC v7|Stage III Nasopharyngeal Carcinoma AJCC v7|Stage III Pleural Malignant Mesothelioma AJCC v7|Stage IV Merkel Cell Carcinoma AJCC v7|Stage IV Nasopharyngeal Carcinoma AJCC v7|Stage IV Pleural Malignant Mesothelioma AJCC v7|Stage IVA Nasopharyngeal Carcinoma AJCC v7|Stage IVB Nasopharyngeal Carcinoma AJCC v7|Stage IVC Nasopharyngeal Carcinoma AJCC v7|Vaginal Squamous Cell Carcinoma, Not Otherwise Specified",DRUG: Atezolizumab|BIOLOGICAL: Bevacizumab|OTHER: Laboratory Biomarker Analysis|OTHER: Pharmacological Study,M.D. Anderson Cancer Center,National Cancer Institute (NCI),ALL,"ADULT, OLDER_ADULT",PHASE2,133,OTHER,INTERVENTIONAL,Allocation: NA | Intervention Model: SINGLE_GROUP | Masking: NONE | Primary Purpose: TREATMENT,1,1,0,,,
NCT06001658,"Perioperative Gemcitabine, Cisplatin, and Pembrolizumab in Potentially Resectable Biliary Tract Cancers",https://clinicaltrials.gov/study/NCT06001658,RECRUITING,Billiary Track Cancer,DRUG: Gemcitabine|DRUG: Cisplatin|DRUG: Pembrolizumab,Sidney Kimmel Comprehensive Cancer Center at Johns Hopkins,Merck Sharp & Dohme LLC,ALL,"ADULT, OLDER_ADULT",PHASE2,27,OTHER,INTERVENTIONAL,Allocation: NA | Intervention Model: SINGLE_GROUP | Masking: NONE | Primary Purpose: TREATMENT,1,1,0,,,
NCT06799676,A Phase Ib/II Clinical Study on the Application of Linperlisib Combined with the VRD Regimen in Newly Diagnosed Patients with Multiple Myeloma,https://clinicaltrials.gov/study/NCT06799676,NOT_YET_RECRUITING,Newly Diagnosed Multiple Myeloma,DRUG: a combination treatment of Linperlisib and the VRD regimen,Fuling Zhou,None listed,ALL,"ADULT, OLDER_ADULT",PHASE1|PHASE2,42,OTHER,INTERVENTIONAL,Allocation: NA | Intervention Model: SINGLE_GROUP | Masking: NONE | Primary Purpose: TREATMENT,1,1,0,,,
NCT06319950,High-dose Furmonertinib Versus Osimertinib in Advanced EGFRm NSCLC Patients With Brain Metastases,https://clinicaltrials.gov/study/NCT06319950,NOT_YET_RECRUITING,"Lung Cancer, Nonsmall Cell",DRUG: Furmonertinib|DRUG: Osimertinib,Taizhou Hospital,None listed,ALL,"ADULT, OLDER_ADULT",PHASE2,255,OTHER,INTERVENTIONAL,Allocation: RANDOMIZED | Intervention Model: PARALLEL | Masking: NONE | Primary Purpose: TREATMENT,1,1,0,,,
NCT03326791,Aspirin in Colorectal Cancer Liver Metastases,https://clinicaltrials.gov/study/NCT03326791,ACTIVE_NOT_RECRUITING,Colorectal Cancer Liver Metastases|Colorectal Cancer|Liver Metastases,DRUG: Acetylsalicylic acid|DRUG: Placebo Oral Tablet,Oslo University Hospital,Norwegian Cancer Society|The Research Council of Norway|Klinbeforsk,ALL,"ADULT, OLDER_ADULT",PHASE2|PHASE3,466,OTHER,INTERVENTIONAL,"Allocation: RANDOMIZED | Intervention Model: PARALLEL | Masking: QUADRUPLE (PARTICIPANT, CARE_PROVIDER, INVESTIGATOR, OUTCOMES_ASSESSOR) | Primary Purpose: PREVENTION",1,1,0,,,
NCT06455410,GP Plus Adebrelimab Versus GP Neoadjuvant Chemotherapy for Nasopharyngeal Carcinoma,https://clinicaltrials.gov/study/NCT06455410,RECRUITING,Nasopharyngeal Carcinoma,DRUG: GP|DRUG: Adebrelimab|DRUG: concurrent chemoradiotherapy (CCRT),Sun Yat-sen University,None listed,ALL,"ADULT, OLDER_ADULT",PHASE2,216,OTHER,INTERVENTIONAL,Allocation: RANDOMIZED | Intervention Model: PARALLEL | Masking: NONE | Primary Purpose: TREATMENT,1,1,0,,,
NCT05679921,Pazopanib With or Without Pembrolizumab for Metastatic Soft Tissue Sarcoma,https://clinicaltrials.gov/study/NCT05679921,RECRUITING,Soft Tissue Sarcoma,"DRUG: pembrolizumab, pazopanib",Yonsei University,None listed,ALL,"ADULT, OLDER_ADULT",PHASE2,116,OTHER,INTERVENTIONAL,Allocation: RANDOMIZED | Intervention Model: PARALLEL | Masking: NONE | Primary Purpose: TREATMENT,1,1,0,,,
NCT07120984,A Study to Evaluate the Safety and Efficacy of L19TNF With Alkylating Chemotherapy for Patients With Recurrent IDH-mutant Astrocytoma or Oligodendroglioma,https://clinicaltrials.gov/study/NCT07120984,NOT_YET_RECRUITING,Glioma,BIOLOGICAL: L19TNF|BIOLOGICAL: L19TNF and TMZ|BIOLOGICAL: L19TNF and CCNU|BIOLOGICAL: L19TNF monotherapy|BIOLOGICAL: L19TNF and TMZ in recurrent astrocytoma|BIOLOGICAL: L19TNF and CCNU in recurrent astrocytoma|BIOLOGICAL: L19TNF monothery in recurrent oligodendroglioma,Philogen S.p.A.,None listed,ALL,"ADULT, OLDER_ADULT",PHASE2,52,INDUSTRY,INTERVENTIONAL,Allocation: NON_RANDOMIZED | Intervention Model: PARALLEL | Masking: NONE | Primary Purpose: TREATMENT,1,1,0,,,
NCT07070349,A Trial of HRS-6213 in Healthy Subjects and Patients With Solid Tumors,https://clinicaltrials.gov/study/NCT07070349,RECRUITING,Patients With Solid Tumors,DRUG: HRS-6213,"Jiangsu HengRui Medicine Co., Ltd.",None listed,ALL,"ADULT, OLDER_ADULT",PHASE1|PHASE2,48,INDUSTRY,INTERVENTIONAL,Allocation: NA | Intervention Model: SINGLE_GROUP | Masking: NONE | Primary Purpose: DIAGNOSTIC,1,1,0,,,
NCT04266249,CompassHER2-pCR: Decreasing Chemotherapy for Breast Cancer Patients After Pre-surgery Chemo and Targeted Therapy,https://clinicaltrials.gov/study/NCT04266249,ACTIVE_NOT_RECRUITING,Anatomic Stage II Breast Cancer AJCC v8|Anatomic Stage IIA Breast Cancer AJCC v8|Anatomic Stage IIB Breast Cancer AJCC v8|Anatomic Stage IIIA Breast Cancer AJCC v8|Invasive Breast Carcinoma|Prognostic Stage II Breast Cancer AJCC v8|Prognostic Stage IIA Breast Cancer AJCC v8|Prognostic Stage IIB Breast Cancer AJCC v8|Prognostic Stage IIIA Breast Cancer AJCC v8,DRUG: Docetaxel|PROCEDURE: Lumpectomy|PROCEDURE: Mastectomy|DRUG: Nab-paclitaxel|DRUG: Paclitaxel|BIOLOGICAL: Pertuzumab|RADIATION: Radiation Therapy|BIOLOGICAL: Trastuzumab|BIOLOGICAL: Trastuzumab Emtansine,ECOG-ACRIN Cancer Research Group,National Cancer Institute (NCI),ALL,"ADULT, OLDER_ADULT",PHASE2,2175,NETWORK,INTERVENTIONAL,Allocation: NON_RANDOMIZED | Intervention Model: PARALLEL | Masking: NONE | Primary Purpose: TREATMENT,1,1,0,,,
NCT06892548,A Clinical Study to Investigate the Efficacy and Safety of an Investigational Combination Therapy With BNT324 and BNT327 in Patients With Advanced Lung Cancer,https://clinicaltrials.gov/study/NCT06892548,RECRUITING,Advanced Lung Cancer,BIOLOGICAL: BNT324|BIOLOGICAL: BNT327,BioNTech SE,DualityBio Inc.,ALL,"ADULT, OLDER_ADULT",PHASE1|PHASE2,594,INDUSTRY,INTERVENTIONAL,Allocation: RANDOMIZED | Intervention Model: PARALLEL | Masking: NONE | Primary Purpose: TREATMENT,1,1,0,,,
NCT06783348,Radiopharmaceutical Treatment of Advanced Kidney Cancer,https://clinicaltrials.gov/study/NCT06783348,RECRUITING,Metastatic Clear Cell Renal Cell Carcinoma,DRUG: 177Lu-PSMA-617,European Organisation for Research and Treatment of Cancer - EORTC,Advanced Accelerator Applications,ALL,"ADULT, OLDER_ADULT",PHASE2,48,NETWORK,INTERVENTIONAL,Allocation: NA | Intervention Model: SINGLE_GROUP | Masking: NONE | Primary Purpose: TREATMENT,1,1,0,,,
NCT07393555,Treatment for Advanced Non-small Cell Lung Cancer With Actionable Genomic Alterations After Targeted Treatment and Chemotherapy (An Expanded Lung-MAP Treatment Trial),https://clinicaltrials.gov/study/NCT07393555,NOT_YET_RECRUITING,Recurrent Lung Non-Small Cell Carcinoma|Stage IV Lung Cancer AJCC v8,PROCEDURE: Biospecimen Collection|PROCEDURE: Computed Tomography|BIOLOGICAL: Ivonescimab|PROCEDURE: Magnetic Resonance Imaging|BIOLOGICAL: Sacituzumab Govitecan,SWOG Cancer Research Network,National Cancer Institute (NCI),ALL,"ADULT, OLDER_ADULT",PHASE2,117,NETWORK,INTERVENTIONAL,Allocation: RANDOMIZED | Intervention Model: PARALLEL | Masking: NONE | Primary Purpose: TREATMENT,1,1,0,,,
NCT02028455,A Pediatric and Young Adult Trial of Genetically Modified T Cells Directed Against CD19 for Relapsed/Refractory CD19+ Leukemia,https://clinicaltrials.gov/study/NCT02028455,ACTIVE_NOT_RECRUITING,CD19+ Acute Leukemia,BIOLOGICAL: Patient Derived CD19 specific CAR T cells also expressing an EGFRt,Seattle Children's Hospital,None listed,ALL,"CHILD, ADULT",PHASE1|PHASE2,167,OTHER,INTERVENTIONAL,Allocation: NON_RANDOMIZED | Intervention Model: SEQUENTIAL | Masking: NONE | Primary Purpose: TREATMENT,1,0,1,,,
NCT06152978,A Perioperative Sintilimab and Chemotherapy in Esophageal Squamous Cell Carcinoma,https://clinicaltrials.gov/study/NCT06152978,NOT_YET_RECRUITING,Esophageal Squamous Cell Carcinoma,DRUG: Sintilimab|DRUG: Chemotherapy,Fudan University,Innovent Biologics (Suzhou) Co. Ltd.,ALL,"ADULT, OLDER_ADULT",PHASE2,182,OTHER,INTERVENTIONAL,Allocation: RANDOMIZED | Intervention Model: PARALLEL | Masking: NONE | Primary Purpose: TREATMENT,1,1,0,,,
NCT06793189,MZL-IPI Risk-adapted Targeted Therapy in Untreated MZL,https://clinicaltrials.gov/study/NCT06793189,RECRUITING,Marginal Zone Lymphoma(MZL),"DRUG: Obinutuzumab and Orelabrutinib|DRUG: Obinutuzumab, Orelabrutinib and Lenalidomide|DRUG: Orelabrutinib|DRUG: Orelabrutinib",Ruijin Hospital,None listed,ALL,"ADULT, OLDER_ADULT",PHASE2,145,OTHER,INTERVENTIONAL,Allocation: NON_RANDOMIZED | Intervention Model: PARALLEL | Masking: NONE | Primary Purpose: TREATMENT,1,1,0,,,
NCT07593040,Pembrolizumab Plus Belzutifan With or Without Lenvatinib in Localized Renal Cell Carcinoma,https://clinicaltrials.gov/study/NCT07593040,NOT_YET_RECRUITING,Renal Cell Carcinoma,DRUG: Neoadjuvant Pembrolizumab|DRUG: Belzutifan|DRUG: Lenvatinb,Vall d'Hebron Institute of Oncology,None listed,ALL,"ADULT, OLDER_ADULT",PHASE2,150,OTHER,INTERVENTIONAL,Allocation: RANDOMIZED | Intervention Model: CROSSOVER | Masking: NONE | Primary Purpose: TREATMENT,1,1,0,,,
,,,,,,,,,,,,,,,,,,,,
,,,,238,,,,,,,,,,,,,,,,
,,,,67,,,,,,,,,,,,,,,,
,,,,82,,,,,,,,,,,,,,,,
,,,,13,,,,,,,,,,,,,,,,